oid,ra,dec,distance,distance_low,distance_up,plx_flag,R_r,A_r,A_r_low,A_r_up,peak_time,fwhm,amplitude,num_points,spec_class,energy,energy_low,energy_up
257202300015543,90.832039,-27.916099,456.3,400.14,524.76,0.0,2.617,0.0523,0.0523,0.0523,468.4004,,2.523,9,M4,,,
257206300001713,90.6576,-25.271248,1350.29,1068.43,2124.36,,2.617,0.0,0.0,0.0,468.3736,0.07,2.107,60,M4,,,
257207200014674,88.830343,-25.034174,446.51,423.53,471.69,0.0,2.617,0.0785,0.0785,0.0785,468.3722,0.047,0.606,8,M3,5.85e+32,5.27e+32,6.53e+32
257207200014907,88.151282,-25.042242,397.8,391.46,404.59,0.0,2.617,0.0262,0.0262,0.0262,468.3838,0.052,0.269,17,M1,8.77e+32,8.50e+32,9.08e+32
257208300005695,86.610769,-25.468478,491.98,389.84,720.25,1.0,2.617,0.0785,0.0785,0.0785,468.3494,0.024,3.738,17,M6,,,
257211300014427,88.6412,-23.952031,77.47,75.77,79.06,,2.617,0.0,0.0,0.0,472.3524,0.04,0.259,21,M4,,,
259201200024830,106.983946,-26.914005,4184.18,2985.37,6301.44,,2.617,0.2617,0.2617,0.2879,461.4285,,0.261,10,M3,,,
259205200036217,107.623857,-24.406292,775.06,738.65,813.25,0.0,2.617,0.1459,0.1308,0.1677,461.4271,0.085,0.955,23,M2,,,
259205400044242,107.856336,-25.824475,997.26,871.1,1185.42,0.0,2.617,0.2355,0.2355,0.2617,461.4055,0.126,1.249,19,M3,4.25e+33,3.24e+33,6.00e+33
259206200013635,105.013298,-24.71949,50.37,50.31,50.43,0.0,2.617,0.0,0.0,0.0,455.4005,0.09,0.249,26,M4,,,
259207300021409,103.221755,-25.881418,397.57,391.08,405.71,0.0,2.617,0.0523,0.0523,0.0523,461.4032,0.05,0.238,8,M2,1.16e+33,1.12e+33,1.21e+33
259212400010952,102.040992,-23.609031,460.94,449.53,470.59,0.0,2.617,0.0785,0.0785,0.0785,455.4278,0.23,0.727,62,M1,,,
260209400035941,115.585232,-23.90959,260.09,244.58,277.65,0.0,2.617,0.0262,0.0262,0.0262,493.2962,0.105,2.846,53,M4,,,
261216200015936,116.233398,-20.957904,252.33,244.08,261.61,0.0,2.617,0.0,0.0,0.0,487.3825,0.108,0.728,16,M4,,,
279202200075735,250.619238,-26.722507,5538.96,3190.12,7980.4,1.0,2.617,1.0991,1.0991,1.0991,635.3133,,0.628,27,M1,,,
279205200008963,252.956705,-24.481154,140.28,139.24,141.38,0.0,2.617,0.0,0.0,0.0,635.3278,0.199,0.27,44,M5,,,
279207400119327,250.358252,-25.61021,399.75,357.71,441.98,0.0,2.617,0.5234,0.5234,0.5234,635.3451,0.175,0.732,36,M4,,,
280207400114986,257.239518,-25.832117,5838.27,3812.86,7615.1,1.0,2.617,1.2562,0.8113,1.2562,303.2586,0.306,0.704,37,M1,,,
280214400089687,259.661485,-21.663269,702.36,514.27,995.5,1.0,2.617,1.35,1.2417,1.4917,303.2694,0.043,2.39,30,M4,,,
280216100051732,255.198713,-20.571624,9119.44,6206.57,11937.92,1.0,2.617,0.7589,0.7589,0.7589,303.228,0.208,1.161,40,M1,,,
282206200002160,273.250359,-24.378001,507.85,498.96,518.74,0.0,2.617,0.8031,0.7608,0.8113,308.2853,0.122,0.245,15,M0,,,
282207100015107,271.814071,-24.587109,4505.04,2414.95,8048.46,1.0,2.617,5.8882,3.2355,5.9144,330.2426,0.142,2.047,18,M4,,,
282207200015298,271.130366,-24.739673,643.36,605.52,683.47,0.0,2.617,0.4972,0.4972,0.4972,330.273,,0.241,5,M1,,,
282211100071146,271.654744,-22.985544,158.73,157.4,160.16,0.0,2.617,0.0,0.0,0.0,330.2644,,0.291,31,M2,3.37e+32,3.31e+32,3.43e+32
283202100127725,281.704089,-26.834398,444.32,405.53,485.03,0.0,2.617,0.521,0.4972,0.5496,311.3105,0.154,0.914,29,M4,,,
283205200139095,282.697696,-24.367484,5779.34,3756.4,8912.58,1.0,2.617,1.387,1.073,1.387,312.3222,,0.585,18,M1,,,
283206300181298,280.27007,-25.408052,197.8,194.94,200.97,0.0,2.617,0.3886,0.3074,0.3925,310.3006,0.058,0.334,11,M4,,,
283209200080534,282.227357,-22.918596,739.7,617.6,970.57,0.0,2.617,0.9621,0.9421,0.9945,311.2886,0.097,1.082,24,M3,7.55e+32,5.26e+32,1.30e+33
283210100149984,281.569044,-22.837804,475.72,405.97,592.89,0.0,2.617,0.7066,0.6982,0.7589,311.2784,0.032,2.679,31,M4,,,
283211100006940,279.331387,-22.54627,519.19,398.65,667.22,0.0,2.617,0.4972,0.4711,0.5496,312.2718,0.038,2.299,30,M4,,,
283213400026251,283.682424,-21.758171,211.55,205.38,218.94,0.0,2.617,0.0584,0.0393,0.277,312.3216,0.026,2.541,18,M3,1.15e+33,1.09e+33,1.23e+33
284201200039837,289.98959,-26.956319,440.21,423.44,457.25,0.0,2.617,0.2617,0.2617,0.2617,287.3613,0.061,0.208,12,M0,4.39e+32,4.06e+32,4.73e+32
284204200047511,283.973759,-26.936197,182.07,177.55,185.96,0.0,2.617,0.3402,0.331,0.3402,286.3757,0.036,0.663,9,M3,1.12e+32,1.07e+32,1.17e+32
284204400050334,284.222527,-27.827448,688.08,605.2,777.95,0.0,2.617,0.5234,0.4972,0.5234,286.3804,0.086,0.59,22,M3,,,
284206100021940,288.487421,-24.702323,88.84,88.32,89.51,0.0,2.617,0.0,0.0,0.0,726.1807,0.118,0.977,5,M4,,,
284210100035531,288.890757,-22.995345,1185.02,713.57,1981.2,1.0,2.617,0.4174,0.3664,0.4187,286.3905,0.044,0.912,7,M4,,,
284210200114550,287.318921,-22.787021,346.07,318.37,382.82,0.0,2.617,0.2617,0.2617,0.2784,287.3575,0.031,1.908,28,M4,,,
284211200026912,285.879583,-22.832522,598.02,510.69,681.15,0.0,2.617,0.5514,0.5496,0.5844,286.3773,0.067,0.384,13,M4,,,
284213100068324,290.240457,-20.661914,396.69,364.96,438.52,0.0,2.617,0.1292,0.1047,0.1308,286.3542,0.058,0.714,15,M4,6.30e+32,5.33e+32,7.70e+32
284216200090887,283.973278,-20.528088,524.54,449.32,625.25,0.0,2.617,0.4972,0.4737,0.5496,286.3855,0.116,1.262,40,M4,,,
285206400022855,296.3957,-26.00587,385.35,367.07,409.24,0.0,2.617,0.3402,0.3402,0.3402,666.3949,0.055,0.343,9,M2,3.16e+32,2.86e+32,3.56e+32
285206400037852,295.914483,-25.899437,367.19,318.41,448.37,0.0,2.617,0.1308,0.0586,0.2355,666.3687,0.088,1.557,19,M4,,,
285210200018813,295.059901,-23.00773,336.96,308.99,368.91,0.0,2.617,0.1859,0.1673,0.2094,666.4119,0.086,1.15,21,M4,,,
285211400007068,293.70914,-23.496052,52.86,52.64,53.13,0.0,2.617,0.0,0.0,0.0,666.3941,0.028,1.889,48,M6,,,
285216400029696,292.521124,-22.084357,159.86,158.09,161.92,0.0,2.617,0.0,0.0,0.0,666.4197,,0.22,25,M1,1.91e+33,1.87e+33,1.96e+33
308205400004375,104.119051,-18.072266,426.58,403.41,453.93,0.0,2.617,0.2094,0.1892,0.2094,464.4102,0.269,1.011,22,M3,4.08e+33,3.65e+33,4.62e+33
308207400011607,100.155468,-18.332871,601.4,492.51,778.38,0.0,2.617,0.2879,0.1753,0.5234,464.4279,0.025,0.299,9,M4,,,
308208200013592,97.282007,-17.573192,51.05,48.97,53.02,0.0,2.617,0.0,0.0,0.0,464.4422,0.249,2.795,41,M5,,,
308208300039309,97.116835,-18.53276,290.56,283.93,295.99,0.0,2.617,0.0785,0.0785,0.0785,464.3379,,0.583,20,M3,4.00e+32,3.80e+32,4.20e+32
308211100006416,100.410346,-15.389099,319.69,304.97,341.53,0.0,2.617,0.0262,0.0262,0.0262,464.3933,0.066,0.792,12,M3,4.87e+32,4.44e+32,5.56e+32
308214300027206,100.898568,-14.846203,707.18,514.5,1038.99,1.0,2.617,0.3921,0.2617,0.7851,464.3919,0.035,2.672,34,M4,,,
310204300019906,111.272081,-20.285143,301.97,298.48,305.64,0.0,2.617,0.0575,0.0522,0.063,475.4351,0.042,0.397,13,M2,,,
310212300021722,111.976243,-16.819706,1145.06,725.85,1692.23,1.0,2.617,0.5234,0.4972,1.0468,475.451,0.055,2.717,38,M3,,,
311201300022475,124.637741,-20.506759,642.31,600.62,687.24,0.0,2.617,0.0523,0.0523,0.0523,494.4359,0.111,0.447,13,M0,8.61e+33,7.53e+33,9.85e+33
311201400008085,125.639574,-20.118042,220.2,215.99,225.5,0.0,2.617,0.0,0.0,0.0,494.3906,0.145,0.534,47,M3,7.36e+32,7.08e+32,7.72e+32
311203200017998,120.768268,-19.471221,3683.83,2589.45,5405.15,1.0,2.617,0.2094,0.2094,0.2094,494.3532,0.088,1.117,16,M1,,,
311208400030078,119.678503,-18.685957,1437.18,1165.63,1819.37,1.0,2.617,0.0785,0.0785,0.0785,494.3588,0.176,0.742,46,M0,6.83e+33,4.49e+33,1.09e+34
311210300002285,122.638984,-16.143408,787.86,694.29,937.77,0.0,2.617,0.0262,0.0262,0.0262,494.3379,0.071,0.72,17,M3,1.88e+33,1.46e+33,2.66e+33
311212400006291,119.46073,-16.22996,1881.82,742.14,2942.5,1.0,2.617,0.0262,0.0262,0.1047,494.3562,0.107,2.362,65,M4,,,
330203400004998,255.194937,-20.00765,367.59,339.08,401.78,0.0,2.617,0.7328,0.7328,0.7328,289.3169,0.028,2.204,19,M4,,,
330205300118841,258.350477,-18.817939,44.75,44.69,44.81,0.0,2.617,0.0,0.0,0.0,673.233,,0.321,6,M4,,,
330207100029075,255.075645,-17.625688,216.74,209.89,224.29,0.0,2.617,0.6625,0.6281,0.7066,290.2898,0.039,0.548,7,M3,2.29e+31,2.15e+31,2.45e+31
330212300077174,252.160999,-16.618824,2626.05,1389.1,3933.14,1.0,2.617,1.2038,1.2038,1.2038,289.286,0.083,2.209,39,,,,
330214300019804,256.199901,-14.615839,330.28,316.15,348.71,0.0,2.617,1.0142,0.9943,1.0206,289.2756,0.063,0.462,18,M2,,,
331202300149033,262.724,-20.042579,7087.78,5513.73,9120.59,1.0,2.617,3.5068,3.5068,3.5068,306.3028,,0.305,6,M4,,,
331210300064971,262.739708,-16.248237,454.05,426.16,479.57,0.0,2.617,0.6019,0.6019,0.6019,304.2439,0.309,0.993,75,M2,1.31e+34,1.16e+34,1.47e+34
331211300113672,261.453546,-16.543968,199.02,195.41,202.94,0.0,2.617,0.0262,0.0262,0.1571,304.2492,0.118,0.683,38,M3,4.21e+32,4.05e+32,4.37e+32
331215300025499,261.339478,-14.546662,230.56,224.69,235.39,0.0,2.617,0.6938,0.6821,0.7066,306.2468,,0.388,133,M2,,,
332205200004526,272.140142,-17.233374,278.57,270.02,287.95,0.0,2.617,0.4972,0.4972,0.5265,691.2393,0.208,0.369,4,M5,,,
332209400058341,273.179309,-16.761303,1041.55,785.38,1452.19,,2.617,1.0085,0.958,1.229,637.4016,0.063,2.565,14,,,,
333204200089422,273.279001,-19.178896,4679.18,3212.97,7063.12,1.0,2.617,1.5913,1.4917,1.701,313.264,0.121,0.73,10,M1,,,
333204300030590,273.565093,-20.415267,205.74,202.54,208.94,0.0,2.617,0.1866,0.1582,0.2147,315.2781,0.026,0.478,14,M2,2.75e+32,2.67e+32,2.84e+32
333205400082818,280.321394,-18.482109,4993.0,3191.67,7536.64,1.0,2.617,1.6225,1.1515,1.6225,314.2674,0.119,1.106,30,M1,,,
333207200087291,275.552071,-17.376404,5574.67,3526.36,7731.65,1.0,2.617,4.5798,3.4021,4.6059,315.2948,,2.73,52,,,,
334207300003582,282.367353,-18.052623,298.33,288.9,307.88,0.0,2.617,0.5493,0.5346,0.5496,321.2964,0.065,0.985,23,M2,7.70e+32,7.22e+32,8.20e+32
334208100186709,281.03088,-17.645908,578.76,433.12,766.99,1.0,2.617,0.6542,0.6,0.7589,319.3226,,0.903,7,M0,,,
334209100026598,287.165972,-15.616813,388.5,330.19,464.66,0.0,2.617,0.157,0.1309,0.1832,319.2913,0.119,0.748,20,M4,,,
334209300068702,286.523049,-16.346876,113.01,112.16,113.79,0.0,2.617,0.0,0.0,0.0,319.2889,0.054,1.096,43,M3,5.16e+32,5.09e+32,5.23e+32
334213100107090,286.638379,-13.965651,154.78,152.77,157.02,0.0,2.617,0.0,0.0,0.0,321.2938,0.121,0.648,37,M3,7.35e+32,7.16e+32,7.57e+32
334214300141302,284.62606,-14.408292,221.88,206.32,240.16,0.0,2.617,0.5496,0.4114,0.5553,320.3252,0.043,2.025,29,M4,,,
335204100032299,288.011553,-19.610535,36.76,36.7,36.79,0.0,2.617,0.0,0.0,0.0,674.4158,0.032,1.912,26,M4,3.08e+32,3.07e+32,3.09e+32
335207200039476,289.539834,-17.838032,4097.94,2798.48,5522.73,,2.617,0.3664,0.3664,0.3664,674.3767,0.057,0.617,15,M4,,,
335207300022245,289.435877,-18.385363,203.93,200.81,206.96,0.0,2.617,0.0,0.0,0.0,674.3979,0.02,0.379,15,M2,1.67e+32,1.62e+32,1.72e+32
335210200022393,291.601696,-15.676374,770.46,712.88,835.1,0.0,2.617,0.4711,0.4711,0.4711,674.3779,0.3,0.298,79,M0,,,
335210300013546,291.008911,-16.347885,135.35,127.62,143.49,0.0,2.617,0.0,0.0,0.0,674.3746,0.074,2.182,51,M6,,,
335216100038172,288.53895,-13.945961,262.45,255.2,271.49,0.0,2.617,0.3078,0.2833,0.314,674.4066,0.041,0.845,33,M4,,,
335216200121502,287.616282,-14.026236,287.07,276.4,297.88,0.0,2.617,0.314,0.314,0.314,674.3946,0.07,0.392,9,M4,,,
336202400036948,299.220238,-20.715058,375.64,299.8,484.8,1.0,2.617,0.4972,0.4206,0.4972,667.4013,0.063,2.8,41,M4,,,
336203200018404,296.253066,-19.650805,226.52,212.82,242.83,0.0,2.617,0.0,0.0,0.0432,667.401,0.212,0.954,34,M4,,,
336207400010710,296.951274,-18.361292,89.65,89.32,90.05,0.0,2.617,0.0,0.0,0.0,667.3947,0.122,0.341,61,M3,1.79e+32,1.77e+32,1.80e+32
336209100009545,301.153922,-15.637336,2028.34,1046.67,3369.58,1.0,2.617,0.5496,0.5496,0.5496,667.4204,0.08,1.994,17,M4,,,
336209400014898,300.844295,-16.724851,397.88,376.66,413.51,0.0,2.617,0.4972,0.4972,0.4972,667.3748,0.046,0.332,11,M2,5.83e+32,5.23e+32,6.30e+32
336212100025485,295.527104,-15.898293,393.49,373.83,414.03,0.0,2.617,0.2511,0.2094,0.2795,667.4148,0.028,0.398,7,M2,1.64e+32,1.48e+32,1.82e+32
360201200008088,113.024714,-12.071191,224.28,219.38,228.83,0.0,2.617,0.0008,0.0,0.01,867.2905,0.017,0.757,40,M3,9.05e+31,8.66e+31,9.43e+31
360203400021293,110.85678,-13.278375,6652.64,3894.63,10555.0,1.0,2.617,1.1452,0.6443,1.2038,867.3219,0.048,1.679,17,M4,,,
360207100020995,110.558652,-10.478815,186.88,182.72,190.51,0.0,2.617,0.0,0.0,0.0,867.2757,,0.68,8,M4,2.10e+32,2.00e+32,2.20e+32
360207100037157,110.318653,-10.228607,144.68,143.2,146.36,0.0,2.617,0.0,0.0,0.0,867.2901,0.038,0.386,10,M3,2.12e+31,2.08e+31,2.17e+31
360210200014557,111.739096,-8.423357,555.24,519.2,593.43,0.0,2.617,0.0523,0.0523,0.0523,867.2971,0.129,0.987,62,M1,5.95e+33,5.20e+33,6.80e+33
360211200037158,109.762245,-8.436527,3816.41,1930.39,5733.11,1.0,2.617,0.6612,0.4187,0.8113,867.3258,0.077,1.129,10,M4,,,
360212100033379,108.438738,-8.163218,880.19,778.52,1017.08,0.0,2.617,0.314,0.314,0.3402,867.3171,0.315,0.352,33,M1,8.91e+33,6.97e+33,1.19e+34
360213300001216,113.156871,-7.022621,194.39,192.49,196.65,0.0,2.617,0.0,0.0,0.0,867.3093,0.023,0.472,17,M2,4.21e+32,4.13e+32,4.31e+32
367203200004790,159.429378,-12.373377,214.61,191.5,243.86,0.0,2.617,0.1832,0.1832,0.1832,522.3249,0.142,3.558,25,M5,,,
380202200017013,252.630202,-12.435303,252.97,238.4,270.88,0.0,2.617,1.1024,1.0754,1.1253,1046.2667,0.048,1.481,12,M5,,,
380203100003585,251.838231,-12.034538,149.33,147.37,151.58,0.0,2.617,0.0,0.0,0.0,1046.2341,,1.519,17,M5,,,
380214100022551,253.806129,-6.319459,221.44,213.57,230.69,0.0,2.617,0.5347,0.3068,0.669,1046.2643,0.054,0.637,7,M4,4.13e+31,3.84e+31,4.48e+31
381203100010539,258.88638,-12.081411,459.53,360.09,648.72,0.0,2.617,1.0468,1.0206,1.073,667.2869,0.199,0.63,4,M4,,,
381204100025910,257.245742,-12.50701,190.82,187.88,193.92,0.0,2.617,0.0825,0.0262,0.1848,1012.4605,0.05,1.461,11,M3,1.08e+33,1.05e+33,1.11e+33
381210300012295,259.710655,-9.20651,289.89,271.57,325.38,0.0,2.617,1.5964,1.5964,1.6093,1012.4465,0.024,0.795,7,M4,,,
381214100010664,260.828278,-6.519549,41.05,40.94,41.21,0.0,2.617,0.0,0.0,0.0,1012.4311,0.045,0.41,23,M6,,,
382203100063386,265.60868,-12.087486,133.81,130.14,137.95,0.0,2.617,0.0,0.0,0.0,639.3947,0.053,0.829,18,M4,4.88e+31,4.62e+31,5.19e+31
382203200118534,264.829251,-11.917284,320.08,304.96,335.44,0.0,2.617,1.2562,1.2397,1.2562,662.2625,,1.229,11,M2,,,
382208300032094,263.191302,-11.324417,176.08,169.36,183.2,0.0,2.617,0.4335,0.0798,0.5496,639.3957,0.029,0.898,20,M4,,,
382209200087696,268.876456,-8.403007,194.03,188.36,199.53,0.0,2.617,0.2243,0.0523,0.2879,639.3611,0.042,1.082,15,M6,5.07e+31,4.78e+31,5.37e+31
382210400016451,267.45347,-9.143422,199.3,186.67,211.26,0.0,2.617,0.8495,0.1365,1.2803,667.246,0.171,1.836,7,M6,9.45e+32,8.29e+32,1.06e+33
382211400049211,266.018095,-8.968283,196.12,193.83,198.33,0.0,2.617,1.7146,1.635,1.7768,639.371,0.13,0.204,27,M3,,,
382212400032884,263.738002,-9.474362,112.42,111.87,113.09,0.0,2.617,0.0,0.0,0.0,639.3831,0.083,0.629,28,M2,6.54e+32,6.48e+32,6.62e+32
382213100116530,269.667692,-6.741293,230.13,224.84,236.18,0.0,2.617,1.3541,1.3105,1.4958,639.3869,0.084,0.803,41,M4,,,
382214300020644,267.022472,-7.317734,236.69,229.68,245.72,0.0,2.617,0.7285,0.6602,0.7913,639.3622,0.292,0.301,23,M3,6.37e+32,5.99e+32,6.86e+32
384201400087795,283.613245,-13.428589,6586.01,3859.74,9761.42,1.0,2.617,1.1253,0.7589,1.1253,317.3091,0.385,0.681,12,M1,,,
384204100053152,277.832105,-12.153254,90.57,90.27,90.9,0.0,2.617,0.0,0.0,0.0,316.301,0.02,0.449,8,M2,2.03e+32,2.01e+32,2.04e+32
384204100118322,278.084151,-11.86623,223.49,208.9,236.52,0.0,2.617,0.3918,0.3664,0.6792,318.3135,0.113,3.416,20,M6,6.94e+32,6.06e+32,7.77e+32
384207100094134,280.226739,-10.766073,425.8,346.36,553.51,0.0,2.617,0.7328,0.6804,0.7328,318.2835,0.016,1.808,36,M4,,,
384211200100490,279.665559,-8.791029,466.19,436.4,504.23,0.0,2.617,1.5896,1.5702,1.5964,316.3161,0.1,2.796,52,M6,,,
384211400157955,280.504936,-9.707104,389.04,361.03,419.58,0.0,2.617,1.23,1.2013,1.23,1011.4355,0.059,1.496,32,M4,,,
385201300024516,289.746281,-13.129439,559.9,504.04,617.92,0.0,2.617,0.4187,0.4187,0.4449,292.3759,0.061,0.575,32,M2,1.17e+33,9.47e+32,1.42e+33
385208200120114,283.998186,-10.437237,3649.37,1478.73,5386.54,1.0,2.617,0.7589,0.7066,1.0206,291.3692,0.347,0.596,41,M2,,,
385212100105611,284.848581,-8.311783,255.31,248.44,262.91,0.0,2.617,0.2879,0.2617,0.2879,293.3656,0.07,1.502,43,M3,1.49e+33,1.42e+33,1.59e+33
385212200056651,284.041435,-8.080684,542.69,513.06,584.32,0.0,2.617,0.4972,0.4972,0.4972,293.3854,0.077,0.807,27,M2,1.36e+33,1.22e+33,1.58e+33
385213200018057,290.115959,-6.425997,348.39,333.53,362.65,0.0,2.617,0.7245,0.7066,0.7328,718.2317,0.204,1.207,10,M2,5.89e+33,5.40e+33,6.39e+33
385214400047037,289.387683,-7.75905,132.98,131.59,134.16,0.0,2.617,0.0,0.0,0.0,292.3952,0.025,0.327,4,M3,5.58e+31,5.47e+31,5.68e+31
386202400047109,296.050441,-13.347091,1675.87,1223.93,2506.4,1.0,2.617,0.6542,0.6019,0.6542,1010.4531,0.333,0.86,41,M3,7.78e+34,4.15e+34,1.74e+35
386213300029150,297.237172,-7.650364,61.19,60.73,61.61,0.0,2.617,0.0,0.0,0.0,722.215,0.172,0.636,4,M6,,,
386215100010533,293.915242,-6.336167,142.23,138.31,147.06,0.0,2.617,0.0063,0.0,0.0366,718.2202,0.136,2.231,7,M5,1.35e+33,1.28e+33,1.45e+33
386215300021169,293.42856,-7.371969,943.5,765.04,1235.99,0.0,2.617,0.6542,0.5848,0.6542,720.2042,,1.318,15,M3,,,
386216200076927,291.886208,-6.612243,3687.91,2335.11,5652.55,1.0,2.617,0.9421,0.9351,0.9421,1010.4346,,0.489,24,M0,,,
387211300037516,300.353286,-9.63883,3873.46,1318.44,5561.12,1.0,2.617,0.4449,0.4449,0.4449,668.4187,0.286,0.944,42,M3,,,
410202100011269,101.733336,-5.012748,235.53,228.96,243.69,0.0,2.617,0.0,0.0,0.0,812.4737,0.131,0.392,18,M4,5.44e+32,5.14e+32,5.82e+32
410204200032775,96.737616,-5.433413,403.43,393.26,415.3,0.0,2.617,0.2677,0.2617,0.2809,812.4611,0.09,0.442,26,M3,2.39e+33,2.27e+33,2.53e+33
410206200034145,100.478033,-3.577624,3467.66,1624.97,5673.72,1.0,2.617,1.6383,0.8863,1.8057,812.4576,0.14,0.947,20,M4,,,
410207100021789,99.834408,-3.463931,453.29,437.46,466.29,0.0,2.617,0.3402,0.2427,0.3402,812.4711,0.142,0.333,43,M1,,,
410207400001707,99.828037,-3.689933,240.43,238.08,242.48,0.0,2.617,0.0,0.0,0.0,812.4907,0.046,0.345,32,M2,1.82e+33,1.79e+33,1.85e+33
410208300040215,96.643002,-3.666861,416.59,366.06,491.32,0.0,2.617,0.1832,0.1712,0.2094,812.4688,0.08,0.997,9,M4,,,
410209200042626,102.163911,-1.203092,957.2,627.44,1822.65,1.0,2.617,0.4051,0.2879,0.8486,812.4451,0.061,2.2,41,M4,,,
410212300006463,96.584282,-1.925152,1027.64,790.35,1379.16,1.0,2.617,0.6666,0.5757,0.6957,812.4631,0.134,1.465,56,M4,,,
411201100007884,110.295868,-4.910516,747.43,664.4,847.26,0.0,2.617,0.157,0.157,0.2355,457.2938,,0.604,11,M2,8.50e+32,6.70e+32,1.09e+33
411202300016037,107.292789,-5.940957,864.76,743.23,1030.19,0.0,2.617,0.1819,0.153,0.1832,457.4186,0.313,0.573,24,M3,1.51e+34,1.11e+34,2.14e+34
411205100000634,110.757815,-2.779978,1425.19,1183.37,1799.13,0.0,2.617,0.0262,0.0,0.0262,456.336,0.108,0.353,13,M1,1.30e+34,8.95e+33,2.07e+34
411209200025944,109.101679,-1.634189,1217.59,1036.35,1390.66,0.0,2.617,0.0785,0.0785,0.0785,457.3622,0.068,0.474,11,M0,6.69e+33,4.85e+33,8.73e+33
411209300027273,109.505323,-2.504308,297.21,274.55,328.39,0.0,2.617,0.0,0.0,0.0,456.3967,0.146,1.377,26,M5,1.11e+33,9.46e+32,1.35e+33
411211300036896,106.150681,-2.057794,152.32,150.63,153.93,0.0,2.617,0.0,0.0,0.0,457.4583,0.049,0.46,17,M3,1.27e+32,1.24e+32,1.29e+32
411211300044072,105.40685,-2.001148,1632.55,1295.02,2101.99,1.0,2.617,0.1182,0.1047,0.3441,457.4929,0.118,0.662,26,M0,4.53e+34,2.85e+34,7.51e+34
411211400028690,106.969414,-2.434155,546.65,497.84,609.84,0.0,2.617,0.0523,0.0523,0.0785,457.3827,0.086,0.877,20,M3,2.78e+33,2.30e+33,3.46e+33
411214400039797,108.719936,-0.193637,118.85,117.25,120.52,0.0,2.617,0.0,0.0,0.0,456.3343,0.111,0.32,18,M3,6.45e+31,6.27e+31,6.63e+31
412207200004445,112.643162,-2.900629,218.26,215.38,221.89,0.0,2.617,0.0262,0.0262,0.0262,457.4405,0.251,0.335,51,M2,8.16e+32,7.94e+32,8.43e+32
412208200001205,110.757803,-2.779963,1425.19,1183.37,1799.13,0.0,2.617,0.0262,0.0,0.0262,456.336,0.048,0.398,10,M1,7.46e+33,5.14e+33,1.19e+34
412215200041150,112.900577,0.492346,745.82,649.14,901.75,0.0,2.617,0.1022,0.0785,0.1047,456.4117,0.103,1.384,34,M4,5.46e+33,4.13e+33,7.98e+33
412215400010909,113.766018,-0.254611,181.34,177.96,183.95,0.0,2.617,0.0,0.0,0.0,457.3948,0.085,0.419,26,M3,3.89e+32,3.74e+32,4.00e+32
413201300005104,123.868979,-5.817236,608.51,571.87,675.83,0.0,2.617,0.157,0.157,0.157,852.3388,0.184,0.536,9,M2,1.12e+33,9.90e+32,1.38e+33
413211300011669,119.981478,-2.264198,211.84,206.54,218.54,0.0,2.617,0.0,0.0,0.0,775.4791,0.051,0.738,22,M3,1.06e+32,1.01e+32,1.13e+32
413213400018265,124.528251,0.082088,132.97,131.93,134.01,0.0,2.617,0.0,0.0,0.0,775.4513,0.026,0.664,35,M3,2.45e+32,2.41e+32,2.49e+32
413214200016728,121.61421,0.351774,133.7,132.94,134.49,0.0,2.617,0.0,0.0,0.0,775.4513,0.03,0.7,27,M3,5.24e+31,5.18e+31,5.30e+31
413215200004936,120.031483,0.735719,455.69,442.2,469.77,0.0,2.617,0.0523,0.0523,0.0523,775.4463,0.092,0.294,37,M0,1.87e+33,1.77e+33,1.99e+33
416210200003063,143.385902,-1.133697,1121.76,810.36,1803.43,1.0,2.617,0.0523,0.0523,0.0523,523.3398,0.172,1.317,13,M2,,,
416214400007248,144.3031,-0.559062,462.18,428.19,506.59,0.0,2.617,0.0523,0.0523,0.0523,524.2679,0.34,1.011,15,M3,5.05e+33,4.34e+33,6.07e+33
432211100001278,255.686682,-0.884533,4041.94,2164.6,6195.98,1.0,2.617,0.8636,0.8636,0.8636,1014.4285,0.09,1.697,26,M4,,,
433201300004135,265.610536,-5.602188,198.44,193.49,204.12,0.0,2.617,0.3316,0.1725,0.615,668.2423,0.047,0.41,1,M3,3.94e+31,3.75e+31,4.17e+31
434202400021072,271.853677,-5.872381,4858.74,3153.79,7030.66,1.0,2.617,3.0619,3.0357,3.0619,658.287,0.3,0.464,4,M1,,,
434204200030092,267.357087,-5.184082,429.05,389.94,502.05,0.0,2.617,1.5179,1.4917,1.5186,641.3898,0.02,1.633,14,M4,,,
434207200021580,268.533486,-3.142054,4571.87,2134.44,7949.46,,2.617,1.6487,1.6487,1.6487,641.3578,0.046,0.309,10,M4,,,
434208300033243,267.385464,-4.254686,170.33,169.57,171.28,0.0,2.617,0.0066,0.0045,0.0091,641.3945,,0.254,27,M1,,,
434210100004468,271.252217,-0.90877,548.63,524.53,575.62,0.0,2.617,1.2188,1.2038,1.3085,667.2623,0.134,0.258,4,M1,,,
434210100042323,271.980341,-1.583738,1997.67,1191.66,2891.64,1.0,2.617,3.1682,2.8787,3.2451,662.2831,0.069,0.37,3,M4,,,
434213200012136,272.203418,0.868668,521.74,471.32,579.49,0.0,2.617,0.7851,0.7851,0.7851,641.3709,0.18,0.64,24,M3,1.75e+33,1.43e+33,2.16e+33
434214200052533,270.538141,0.925633,530.48,449.13,650.75,0.0,2.617,0.8109,0.7851,0.8113,641.3824,0.077,0.819,12,M4,,,
434215300006042,268.670064,0.10034,205.65,202.42,208.97,0.0,2.617,0.6981,0.6477,0.7491,658.2865,,0.397,5,M2,6.48e+32,6.28e+32,6.69e+32
434216100002166,267.566773,1.045785,443.48,410.84,474.34,0.0,2.617,1.0468,1.0468,1.0479,641.405,,0.329,7,M5,,,
434216300060667,267.446418,-0.447681,3249.89,1980.23,5035.54,1.0,2.617,0.8898,0.8898,0.8898,641.3983,,0.969,18,M3,,,
435203200135902,276.208552,-5.237886,428.87,363.51,562.1,0.0,2.617,1.4655,1.398,1.5177,640.393,0.113,1.248,16,M4,,,
435210400076785,278.813866,-2.267586,360.42,346.75,374.82,0.0,2.617,1.1205,1.0887,1.1739,640.4082,0.083,0.63,15,M2,4.39e+32,4.06e+32,4.74e+32
435211200109128,276.060177,-1.13341,186.42,181.82,191.02,0.0,2.617,0.0,0.0,0.0,640.4159,0.05,2.114,56,M4,9.76e+32,9.29e+32,1.03e+33
436205300107119,287.146946,-4.266115,206.22,199.6,212.67,0.0,2.617,0.6661,0.4734,0.8113,348.3229,0.146,1.179,12,M3,1.09e+33,1.02e+33,1.16e+33
436207100033280,283.76029,-3.361935,376.8,341.37,419.31,0.0,2.617,0.7351,0.7066,0.7851,347.31,0.082,2.152,25,M5,,,
436207100163553,284.094836,-3.35393,4955.85,3042.64,8473.56,1.0,2.617,2.5123,1.8581,2.5385,348.2418,0.135,0.67,11,M3,,,
436209400060393,287.968506,-1.905674,171.94,164.18,181.22,0.0,2.617,0.0109,0.0,0.1979,347.2949,0.069,5.151,28,M5,4.06e+33,3.70e+33,4.51e+33
436214400024007,285.430399,-0.160279,5043.59,3351.98,6855.22,1.0,2.617,2.5675,2.0157,2.617,348.2534,,0.495,35,M1,,,
437201100040835,294.52917,-5.429339,542.47,481.83,602.26,0.0,2.617,0.6542,0.6363,0.6593,1016.4198,0.086,2.999,86,M2,1.83e+34,1.44e+34,2.25e+34
437201200063253,293.584477,-5.070954,652.3,552.59,811.15,0.0,2.617,0.9724,0.9421,1.004,717.1902,0.185,0.65,5,M4,,,
437201300047107,293.784886,-6.267836,4922.96,3356.46,7614.59,,2.617,0.7066,0.7066,0.7066,1016.4219,0.131,1.66,31,M4,,,
437203400021089,290.874161,-5.80501,254.68,239.97,273.21,0.0,2.617,0.3266,0.314,0.3664,348.2793,0.08,2.142,30,M4,,,
437204300023691,288.410297,-5.881651,276.97,263.32,292.76,0.0,2.617,0.6542,0.6448,0.6888,1016.4595,0.029,0.691,10,M3,1.32e+32,1.19e+32,1.47e+32
437205300008623,294.104114,-3.69922,321.16,296.49,351.0,0.0,2.617,0.8636,0.8374,0.8898,348.2739,0.054,1.376,11,M4,2.53e+32,2.16e+32,3.03e+32
437206200032275,292.035357,-3.185079,837.81,682.42,1127.08,1.0,2.617,0.8636,0.8374,0.8636,348.2866,0.236,1.052,28,M3,7.80e+33,5.18e+33,1.41e+34
437209400045253,294.373042,-2.358129,376.25,341.09,432.46,0.0,2.617,0.5757,0.5496,0.5872,1016.4125,0.043,0.907,9,M3,5.36e+32,4.40e+32,7.08e+32
437209400077063,294.433461,-1.736691,1311.41,918.75,2627.62,1.0,2.617,0.6466,0.6281,0.6804,348.2897,0.058,0.907,12,M1,6.67e+33,3.27e+33,2.68e+34
437211400094414,291.319244,-1.907866,412.39,387.56,450.14,0.0,2.617,0.6542,0.6542,0.6542,717.201,0.194,1.15,7,M2,5.56e+33,4.91e+33,6.63e+33
438203300028163,296.98239,-6.167942,214.56,198.7,235.68,0.0,2.617,0.4779,0.2094,0.4972,669.3883,0.095,2.468,30,M6,,,
438206200011118,298.906124,-3.059885,4070.97,1930.93,13973.82,1.0,2.617,1.0206,0.9683,1.0206,669.3632,0.152,1.504,30,M2,,,
438208100033962,296.417416,-3.451166,376.57,367.24,386.48,0.0,2.617,0.4972,0.4972,0.4972,669.3943,0.069,0.26,13,M1,5.05e+32,4.80e+32,5.32e+32
438209300013880,301.059396,-2.19339,2071.45,1450.65,3623.23,1.0,2.617,1.23,1.2038,1.23,669.3631,0.242,0.424,28,M1,1.36e+34,6.68e+33,4.17e+34
438210400042055,299.771079,-2.39473,447.94,426.79,469.08,0.0,2.617,1.0219,1.0206,1.0429,716.2342,0.2,0.538,6,M1,1.94e+33,1.76e+33,2.12e+33
438211100010089,298.371416,-1.073738,2765.02,1520.79,5983.36,1.0,2.617,0.7328,0.6617,0.7328,669.3765,,2.432,43,M5,,,
438214300029134,298.710516,-0.460442,624.63,587.92,675.42,0.0,2.617,0.3925,0.3925,0.3973,727.2095,0.061,0.287,4,M1,3.70e+33,3.28e+33,4.33e+33
438215300058749,297.511111,-0.122297,183.79,173.33,196.78,0.0,2.617,0.0,0.0,0.0523,669.3493,0.051,1.619,35,M6,,,
439209400010448,308.592715,-2.181511,396.29,312.77,543.73,0.0,2.617,0.1047,0.0523,0.1308,662.4075,0.03,1.727,16,M4,,,
439213400034984,308.777495,-0.570426,411.95,381.52,448.23,0.0,2.617,0.2617,0.2617,0.314,662.4133,0.019,1.097,10,M3,5.60e+32,4.80e+32,6.63e+32
439214300004295,305.784257,0.047459,305.23,291.22,316.13,0.0,2.617,0.1652,0.0821,0.2608,662.3867,0.025,0.61,17,M3,8.44e+31,7.69e+31,9.06e+31
450210200006024,26.760779,5.856505,115.48,114.4,116.27,0.0,2.617,0.0,0.0,0.0,779.3478,,0.246,3,M3,9.84e+31,9.66e+31,9.97e+31
461201100011741,106.572145,2.154133,680.88,615.2,768.48,0.0,2.617,0.157,0.1308,0.1832,853.2015,0.05,0.873,12,M3,1.10e+33,9.00e+32,1.40e+33
461201100020257,106.635589,1.898047,38.99,38.9,39.07,0.0,2.617,0.0,0.0,0.0,853.232,,1.019,65,M5,,,
461201200019134,105.635099,1.940107,422.57,407.5,442.97,0.0,2.617,0.2355,0.2355,0.2355,853.2402,0.052,0.332,10,M1,9.60e+32,8.93e+32,1.06e+33
461202100003026,104.993757,2.407972,1831.08,1263.35,2920.06,1.0,2.617,0.6281,0.5234,0.7227,853.231,0.042,0.917,16,M3,,,
461202200031015,103.997534,2.230509,168.92,167.19,170.74,0.0,2.617,0.0,0.0,0.0,853.2239,0.03,1.196,71,M3,3.82e+32,3.74e+32,3.90e+32
461204200009196,99.839791,2.198023,612.56,596.01,631.2,0.0,2.617,0.383,0.2094,0.4711,853.2339,0.051,0.452,33,M0,,,
461206200006015,104.133151,4.230163,677.47,618.62,759.48,0.0,2.617,0.1832,0.1742,0.2413,853.2499,0.095,0.337,17,M1,4.28e+33,3.57e+33,5.38e+33
461206200008186,104.002071,4.159819,3120.73,1368.53,4358.12,1.0,2.617,1.5118,0.9801,1.6637,853.2411,,0.767,25,M1,,,
461207200025290,101.595563,3.754768,884.59,740.87,1083.03,0.0,2.617,0.2879,0.1832,0.3402,853.246,0.131,0.569,20,M3,1.11e+33,7.80e+32,1.67e+33
461209200007329,105.359562,6.110903,676.26,519.93,900.71,1.0,2.617,0.157,0.0785,0.2094,853.2203,0.234,1.052,37,M4,,,
461211200007506,101.907276,6.127287,370.28,348.9,390.97,0.0,2.617,0.0523,0.0523,0.0523,853.1998,0.114,1.717,87,M4,3.09e+33,2.74e+33,3.44e+33
461211400023422,102.501999,4.770116,419.58,387.32,449.18,0.0,2.617,0.0523,0.0523,0.0523,853.2291,0.077,2.271,30,,,,
461212300021580,100.37611,4.846191,173.94,172.55,175.59,0.0,2.617,0.0,0.0,0.0,853.2404,0.097,0.258,20,M2,3.31e+32,3.26e+32,3.37e+32
461213200011459,105.507857,7.86502,323.45,306.68,340.33,0.0,2.617,0.0262,0.0262,0.0262,853.2301,0.044,0.808,26,M3,2.28e+32,2.05e+32,2.52e+32
461214200018845,103.888662,7.660873,613.86,536.84,729.55,0.0,2.617,0.0262,0.0,0.0262,853.2505,0.08,1.201,21,M3,3.73e+33,2.86e+33,5.27e+33
461215400024440,103.071558,6.735313,180.54,179.35,181.75,0.0,2.617,0.0,0.0,0.0,853.2418,0.097,0.211,33,M1,2.67e+32,2.64e+32,2.71e+32
462208400016711,107.738878,3.079226,452.4,392.67,510.63,0.0,2.617,0.0262,0.0262,0.0523,482.2956,0.496,0.929,45,M4,9.97e+33,7.51e+33,1.27e+34
462211400016925,109.896383,4.935781,429.19,400.93,473.38,0.0,2.617,0.0684,0.0523,0.1047,482.2578,0.049,0.972,23,M2,1.34e+33,1.17e+33,1.64e+33
464201200020173,126.451185,1.80598,1211.95,942.42,1715.64,1.0,2.617,0.1047,0.1047,0.1047,794.4879,0.041,0.787,14,M3,,,
464202200034116,124.057306,2.263499,621.01,430.94,1043.66,1.0,2.617,0.0,0.0,0.0,852.3428,0.097,4.438,14,M4,,,
464204200008736,120.872842,1.848599,101.77,101.57,102.01,0.0,2.617,0.0,0.0,0.0,828.4005,0.058,0.503,7,M1,3.17e+33,3.16e+33,3.19e+33
464207300015490,122.863319,3.16686,382.0,338.32,446.43,0.0,2.617,0.0523,0.0523,0.0523,827.3704,0.111,2.222,12,M4,,,
464210200013671,124.380703,6.022323,242.37,231.22,253.08,0.0,2.617,0.0262,0.0262,0.0262,794.485,0.046,1.111,14,M4,2.28e+32,2.08e+32,2.49e+32
464211200007903,122.234535,5.799859,288.43,283.13,294.98,0.0,2.617,0.0262,0.0262,0.0262,794.5065,0.074,0.196,17,M2,3.32e+32,3.20e+32,3.48e+32
464211400005662,123.664981,5.103021,163.05,161.8,164.79,0.0,2.617,0.0,0.0,0.0,852.3058,0.141,0.197,8,M2,9.54e+32,9.39e+32,9.74e+32
464213100002967,126.662912,7.947271,171.47,170.26,173.05,0.0,2.617,0.0,0.0,0.0,852.3809,0.083,0.364,19,M2,1.00e+33,9.86e+32,1.02e+33
464213100012964,127.071559,7.4956,67.45,67.31,67.63,0.0,2.617,0.0,0.0,0.0,794.5175,0.044,1.916,30,M4,,,
464214300009087,124.345612,6.67503,202.13,199.23,205.1,0.0,2.617,0.0,0.0,0.0,852.279,0.242,2.889,53,M3,7.39e+34,7.18e+34,7.60e+34
466201100000835,140.58786,2.44369,360.6,350.02,373.54,0.0,2.617,0.1308,0.1308,0.1308,797.4819,0.086,0.311,15,M2,3.71e+32,3.50e+32,3.98e+32
466215400004283,136.799689,6.947088,240.34,235.72,245.86,0.0,2.617,0.0262,0.0262,0.0262,797.4881,0.063,0.865,62,M3,1.77e+33,1.70e+33,1.85e+33
467203400004955,143.657758,0.978424,92.01,91.28,92.68,0.0,2.617,0.0,0.0,0.0,523.3012,,0.216,3,M5,,,
467208100005243,141.817358,3.896583,579.85,552.84,612.9,0.0,2.617,0.0523,0.0523,0.0523,524.2981,0.115,0.329,6,M1,3.23e+33,2.94e+33,3.61e+33
467208300003167,140.860292,3.185187,348.81,327.12,382.42,0.0,2.617,0.0785,0.0785,0.0785,523.2846,0.063,0.571,5,M3,4.71e+32,4.14e+32,5.66e+32
467212100000591,142.043558,6.28685,334.77,315.05,358.96,0.0,2.617,0.1308,0.1308,0.1308,523.3201,0.213,0.288,4,M4,,,
484210400003041,262.20262,5.379366,346.79,330.69,367.37,0.0,2.617,0.3925,0.3925,0.3925,1017.4256,0.034,0.748,36,M2,2.22e+32,2.02e+32,2.49e+32
485201200069936,269.688208,1.950768,179.7,174.97,183.87,0.0,2.617,0.0143,0.0,0.0456,642.3614,0.05,0.454,14,M3,1.31e+32,1.24e+32,1.37e+32
485201300061101,269.648786,0.88308,408.37,334.47,479.0,0.0,2.617,0.8752,0.8374,0.9215,642.3623,0.042,2.114,11,M5,,,
485206400045027,268.950045,3.362166,170.68,167.44,174.11,0.0,2.617,0.0,0.0,0.0,667.2626,0.139,0.634,7,M3,1.26e+33,1.22e+33,1.31e+33
485207200027595,265.940071,3.664859,277.98,268.8,285.45,0.0,2.617,0.8898,0.8898,0.8898,642.3787,0.033,0.565,14,M2,1.94e+32,1.82e+32,2.05e+32
485208100028304,264.882439,3.627296,386.12,368.0,404.82,0.0,2.617,0.4711,0.4711,0.4711,668.2051,,0.433,13,M2,,,
485209300054582,269.976919,5.467791,174.26,172.35,176.08,0.0,2.617,0.0,0.0,0.0,642.3613,0.062,0.259,8,M4,,,
485209300069230,269.814407,4.719764,5586.97,2026.57,7915.08,1.0,2.617,0.5757,0.5757,0.5757,642.3679,0.058,3.688,33,M4,,,
485209400020308,270.405591,5.097439,429.79,405.2,460.26,0.0,2.617,0.436,0.4187,0.4711,667.2465,,0.518,2,M3,3.85e+33,3.42e+33,4.42e+33
485210100056128,268.673616,5.535588,1520.33,1077.57,2386.06,1.0,2.617,0.5234,0.5234,0.5234,642.3856,,0.474,6,M0,3.74e+33,1.88e+33,9.20e+33
485212100035363,264.845824,5.755892,1302.0,1146.67,1525.87,,2.617,0.4711,0.4711,0.4711,642.3505,0.072,0.193,36,M4,,,
485215100019582,267.205793,7.666506,421.47,393.47,446.75,0.0,2.617,0.1832,0.1832,0.1833,642.3519,0.063,1.406,28,M2,6.97e+32,6.07e+32,7.83e+32
485215200010925,266.2202,7.910634,299.65,288.14,313.08,0.0,2.617,0.3419,0.3402,0.3618,642.3621,0.074,0.394,12,M5,,,
485215400004495,266.623061,7.297418,465.14,443.9,486.61,0.0,2.617,0.5418,0.5234,0.5496,642.3294,0.114,0.357,23,M2,4.81e+32,4.38e+32,5.26e+32
485216400015064,265.416155,6.925082,227.8,219.92,235.04,0.0,2.617,0.3402,0.3059,0.3402,642.3794,,0.991,11,M4,,,
486205300093065,277.083686,3.223838,2407.88,1648.91,3570.66,1.0,2.617,1.551,1.5179,1.9366,660.2978,0.081,0.251,3,M1,,,
486213200023335,276.567147,7.877551,248.46,243.83,252.85,0.0,2.617,0.2829,0.2744,0.2909,643.3755,0.045,0.451,15,M1,3.65e+32,3.52e+32,3.79e+32
486215300051610,272.799726,7.129981,1533.74,650.65,3095.2,1.0,2.617,0.5234,0.5234,0.5234,643.3851,0.132,2.484,32,M4,,,
487209100025366,284.556121,5.784385,2566.06,1416.49,5144.72,1.0,2.617,10.0357,6.464,10.468,644.3677,0.097,3.933,49,M5,,,
487211400007789,280.733408,5.390491,377.4,368.25,387.48,0.0,2.617,0.6019,0.6003,0.6019,644.4009,0.36,1.08,71,M0,1.03e+35,9.81e+34,1.09e+35
487211400050001,280.620418,4.704166,3627.34,2432.03,5525.6,,2.617,2.2768,1.8172,2.4338,644.3893,0.027,0.667,6,M4,,,
487212200032140,277.773834,5.842674,208.42,203.88,212.64,0.0,2.617,0.0262,0.0196,0.0262,644.4056,0.066,0.57,22,M3,6.19e+32,5.92e+32,6.44e+32
488209300047865,290.603545,5.460777,652.34,514.74,803.67,0.0,2.617,1.1405,1.0851,1.2876,340.2159,0.021,2.007,18,M4,,,
488209400109477,291.697282,4.859686,207.46,202.67,212.63,0.0,2.617,0.0262,0.0262,0.0262,340.1935,0.286,0.679,24,M3,,,
488211300049984,286.965236,5.130125,174.71,169.12,181.41,0.0,2.617,0.0,0.0,0.0,340.2293,0.157,1.115,19,M5,2.25e+32,2.11e+32,2.43e+32
488215300000052,286.390736,7.434428,281.24,271.27,290.2,0.0,2.617,0.5486,0.5322,0.5629,340.2421,0.033,0.907,11,M3,2.19e+32,2.04e+32,2.34e+32
489201200073868,297.846788,2.395724,583.35,555.22,618.14,0.0,2.617,0.4187,0.4129,0.4356,340.298,0.143,0.28,6,M2,,,
489205200004053,297.728572,4.429748,331.73,305.71,363.39,0.0,2.617,0.1832,0.1678,0.2094,340.2098,0.132,1.316,31,M4,2.05e+33,1.74e+33,2.45e+33
489205300022668,297.594195,3.256006,2228.93,1522.19,3240.3,1.0,2.617,0.4711,0.4711,0.4711,720.2625,0.17,0.344,4,M0,,,
489206200065456,295.217407,4.13486,3050.88,1452.93,5289.38,1.0,2.617,0.6019,0.4972,0.6542,340.2463,0.147,0.786,15,M4,,,
489207300134111,293.519243,3.247823,1597.21,1098.38,5311.58,1.0,2.617,0.6804,0.6281,0.7589,340.2467,0.07,1.327,10,M4,,,
489209100002286,298.613097,6.315424,1726.49,1412.1,2303.32,1.0,2.617,0.4187,0.3664,0.4187,340.2199,0.203,0.957,31,M1,,,
489214400061205,296.816525,7.250527,341.46,328.71,355.26,0.0,2.617,0.3489,0.3402,0.3669,801.1568,0.028,0.956,19,M3,6.35e+32,5.89e+32,6.88e+32
489216100002359,292.364824,8.282665,541.26,483.06,608.38,0.0,2.617,0.4013,0.3758,0.4283,340.2408,0.068,0.998,11,M1,4.76e+32,3.79e+32,6.02e+32
489216400079673,292.663992,6.838082,3490.41,2234.16,5158.81,1.0,2.617,0.7066,0.6542,0.8376,340.2119,0.221,1.168,17,M1,,,
490202300036990,302.580844,1.23187,124.77,120.62,128.3,0.0,2.617,0.2879,0.2879,0.2879,719.2215,0.032,0.837,3,M5,,,
490210400012280,303.390142,5.175102,392.37,370.7,421.23,0.0,2.617,0.0981,0.0722,0.1047,663.381,0.087,1.0,11,M3,1.55e+33,1.38e+33,1.78e+33
491208300017043,306.219641,3.009993,430.87,400.24,467.59,0.0,2.617,0.1668,0.1333,0.1832,670.3784,0.052,0.448,12,M2,6.51e+32,5.62e+32,7.67e+32
491211300004910,307.585427,5.329152,998.87,776.7,1377.82,1.0,2.617,0.313,0.2777,0.3402,670.3221,0.07,0.766,15,M4,,,
491211300023717,307.862941,4.731247,614.07,451.39,1832.83,1.0,2.617,0.1709,0.1047,0.2355,670.3378,0.046,1.511,16,M4,,,
491212300003087,306.266248,5.393889,1534.92,879.15,3906.16,1.0,2.617,0.2094,0.2094,0.2094,670.3279,0.123,2.089,37,M4,,,
503205200012520,32.201324,11.180751,932.61,607.38,1447.98,1.0,2.617,0.2355,0.2355,0.2355,779.2839,0.087,1.544,5,M4,,,
504208400011206,34.640218,10.423766,55.88,55.61,56.1,0.0,2.617,0.0,0.0,0.0,782.4283,0.027,2.582,5,M6,,,
504214200001329,37.010758,15.304626,682.5,632.04,726.58,0.0,2.617,0.6804,0.6804,0.6804,785.3499,0.106,0.319,7,M2,,,
512201300020139,94.619125,8.287311,743.31,675.05,810.4,0.0,2.617,0.3664,0.3664,0.4187,469.4522,0.065,0.355,6,M2,9.60e+32,7.92e+32,1.14e+33
512202300001470,93.364932,8.799692,5483.92,3718.65,7307.76,1.0,2.617,0.7213,0.5971,0.7328,469.4604,0.041,0.843,9,M4,,,
512206100005828,94.181526,11.437461,813.23,595.5,1045.48,1.0,2.617,0.5496,0.2346,0.5757,469.4806,,1.48,7,M4,,,
512211400007154,92.088326,12.464288,761.04,693.36,847.73,0.0,2.617,0.4449,0.3786,0.4779,469.3837,0.268,0.306,12,M1,,,
512211400019590,91.889114,12.105171,3581.69,2195.38,4359.18,1.0,2.617,1.1253,0.8636,1.2712,469.4074,0.333,2.508,34,M4,,,
512214100008719,93.698073,15.159876,220.49,218.6,222.86,0.0,2.617,0.0,0.0,0.0,469.4004,,0.293,25,M2,,,
513202200004893,100.127252,9.368865,228.07,215.52,242.46,0.0,2.617,0.0,0.0,0.0,469.3151,0.086,1.587,16,M4,6.31e+32,5.63e+32,7.13e+32
513202300025207,100.073553,8.51625,48.19,48.12,48.25,0.0,2.617,0.0,0.0,0.0,864.2675,0.034,0.313,19,M4,,,
513202400035270,100.778682,8.57573,2051.88,1263.93,3459.65,1.0,2.617,1.5179,1.4132,1.8792,864.2872,0.213,0.912,27,M3,,,
513203100046780,99.195587,8.891412,2295.47,930.36,3528.09,1.0,2.617,0.9797,0.7589,1.4162,469.3875,0.285,2.68,17,M3,2.40e+35,3.94e+34,5.67e+35
513204100017708,97.363025,9.048868,344.54,324.45,366.04,0.0,2.617,0.0128,0.0,0.0262,864.3104,0.027,0.802,6,M2,1.92e+32,1.70e+32,2.16e+32
513204100029579,97.073906,9.42048,3901.31,2169.64,6126.95,,2.617,1.4379,0.9159,1.6749,864.2945,0.038,0.853,9,M4,,,
513205300004080,102.152301,10.581355,688.38,331.18,1137.35,1.0,2.617,0.4583,0.0262,0.5496,864.3177,,3.261,10,,,,
513207200042864,98.047507,11.378776,126.07,125.11,127.16,0.0,2.617,0.0,0.0,0.0,864.3103,0.128,0.425,33,M4,,,
513207300022928,98.320482,10.17782,766.98,674.71,911.66,0.0,2.617,1.2766,0.4913,1.345,469.4832,,0.322,11,M1,2.34e+33,1.81e+33,3.30e+33
513211400017578,99.253939,12.170321,3096.25,1869.97,5656.1,1.0,2.617,0.7302,0.6542,1.0206,469.3487,0.618,1.126,23,M3,,,
513212200002918,96.673085,13.465408,3746.25,1865.47,6879.84,1.0,2.617,1.0962,0.8113,1.4655,864.3115,0.069,2.201,23,M3,,,
513212400015420,97.013078,12.092299,81.54,81.2,81.89,0.0,2.617,0.0,0.0,0.0,864.2685,0.075,0.8,43,M4,,,
513212400016346,97.404543,12.059911,243.24,232.51,255.33,0.0,2.617,0.0,0.0,0.0,864.3027,0.049,0.751,20,M4,1.55e+32,1.41e+32,1.70e+32
513212400034337,97.195124,12.476746,249.16,237.63,261.46,0.0,2.617,0.0,0.0,0.0182,864.3178,,1.924,9,M4,,,
513214100032105,100.698183,14.933624,488.61,461.72,514.8,0.0,2.617,0.0816,0.0674,0.1169,864.292,0.034,0.685,19,M2,1.82e+33,1.63e+33,2.03e+33
513215300016219,97.866613,14.08486,1068.28,591.74,2081.23,1.0,2.617,0.8413,0.3372,1.0206,469.464,0.035,0.904,5,M4,,,
513216200049829,96.73042,14.771872,203.47,198.84,208.23,0.0,2.617,0.0,0.0,0.0,864.316,0.036,0.714,8,M4,,,
515210200032756,114.315433,13.280306,257.62,249.36,263.85,0.0,2.617,0.0523,0.0523,0.0523,828.3656,0.168,1.952,26,M4,,,
516201200012527,123.635332,9.284124,90.5,90.04,91.05,0.0,2.617,0.0,0.0,0.0,802.4917,0.037,0.235,27,M3,4.40e+31,4.35e+31,4.45e+31
516201300015319,124.046231,8.383075,136.41,134.61,138.34,0.0,2.617,0.0,0.0,0.0,802.4726,0.02,0.812,16,M4,5.46e+31,5.31e+31,5.61e+31
516202200005512,122.187401,9.135413,247.78,240.04,254.24,0.0,2.617,0.0,0.0,0.0,852.2787,0.372,0.432,9,M3,3.34e+32,3.13e+32,3.52e+32
516202400001493,122.75817,8.732735,1100.68,892.69,1345.06,1.0,2.617,0.0262,0.0262,0.0262,852.336,0.145,0.748,16,M2,2.72e+34,1.79e+34,4.06e+34
516203300024946,120.161351,8.712317,377.28,358.42,395.84,0.0,2.617,0.0,0.0,0.0,828.3451,0.136,1.297,20,M3,5.05e+33,4.55e+33,5.55e+33
516206300021344,121.812683,9.988311,148.8,146.45,150.99,0.0,2.617,0.0,0.0,0.0,511.3053,0.101,1.022,4,M4,7.67e+32,7.43e+32,7.90e+32
516211200003664,120.219313,13.306891,187.26,179.34,193.99,0.0,2.617,0.0,0.0,0.0,802.5053,0.03,2.078,37,M5,2.11e+32,1.93e+32,2.26e+32
516213400007361,124.935544,13.875428,1185.76,834.22,1631.33,1.0,2.617,0.1047,0.1047,0.1047,802.5293,,1.126,27,M2,,,
516216400001501,119.005124,14.490029,342.58,327.04,359.62,0.0,2.617,0.0523,0.0415,0.0523,802.4607,0.08,0.92,27,M3,4.63e+32,4.22e+32,5.11e+32
517203100005788,128.387024,9.038488,254.34,249.83,259.28,0.0,2.617,0.0694,0.0499,0.0983,803.4069,0.139,0.461,44,M1,1.56e+33,1.50e+33,1.62e+33
517213100008165,132.106378,15.136884,170.5,167.74,173.01,0.0,2.617,0.0,0.0,0.0,803.3609,0.054,0.777,29,M4,,,
518203100006953,135.577809,9.537558,208.74,205.82,211.56,0.0,2.617,0.0467,0.0403,0.0523,522.3295,,0.321,21,M3,3.69e+34,3.59e+34,3.79e+34
518212400000691,133.477788,12.618006,197.77,188.44,210.75,0.0,2.617,0.0,0.0,0.0,803.4594,0.028,0.841,18,M4,,,
519202200006196,143.529954,9.041068,194.99,192.63,196.97,0.0,2.617,0.0,0.0,0.0,524.2894,0.139,0.229,9,M4,,,
519207200004955,142.16407,11.055827,94.21,93.83,94.58,0.0,2.617,0.0,0.0,0.0,523.3206,0.184,0.205,8,M3,2.68e+32,2.66e+32,2.70e+32
519210300002372,143.753779,12.436598,99.77,99.22,100.28,0.0,2.617,0.0,0.0,0.0,524.2632,0.125,1.524,14,M4,,,
519213200006417,145.63694,14.656769,594.5,496.14,718.9,0.0,2.617,0.1047,0.1047,0.1047,524.2944,0.293,0.838,5,M4,,,
535202400030465,258.419777,8.400972,4653.93,1259.84,7570.67,1.0,2.617,0.4449,0.4449,0.4449,632.4089,0.128,1.236,28,M3,,,
536202300029948,264.376659,8.032855,267.86,256.41,283.07,0.0,2.617,0.314,0.2804,0.314,1018.4585,,0.68,13,M4,1.17e+32,1.07e+32,1.30e+32
536203400005763,263.639284,8.665095,122.8,120.6,125.14,0.0,2.617,0.0,0.0,0.0,634.3947,0.011,1.989,25,M5,1.20e+32,1.16e+32,1.25e+32
536208100008981,261.672721,11.181867,587.45,525.99,652.18,0.0,2.617,0.5757,0.5757,0.5757,634.4019,0.114,0.457,16,M2,8.04e+32,6.44e+32,9.91e+32
536208400007841,261.423253,10.376757,1034.57,816.97,1476.76,1.0,2.617,0.5234,0.4832,0.5234,1018.4449,0.046,0.58,7,M4,,,
536212200008312,260.361663,13.043509,104.82,104.16,105.59,0.0,2.617,0.0,0.0,0.0,634.3952,0.029,0.954,37,M4,6.69e+31,6.61e+31,6.79e+31
536212300003180,260.370586,12.515002,429.73,393.44,469.56,0.0,2.617,0.3402,0.3402,0.3629,1018.4105,0.041,0.772,10,M3,2.77e+32,2.32e+32,3.31e+32
536213400011166,267.206067,14.17344,398.1,374.75,434.35,0.0,2.617,0.2879,0.2879,0.2879,634.4133,0.075,1.563,18,M4,,,
536215300020216,262.7831,14.12211,1588.34,672.24,2549.02,1.0,2.617,0.2879,0.2617,0.2879,1018.422,0.084,2.325,25,M4,,,
536216200009632,260.367247,14.835179,190.49,185.9,194.58,0.0,2.617,0.0356,0.0,0.1034,1018.4411,0.252,1.644,60,M4,3.18e+33,3.03e+33,3.32e+33
537202100038943,272.686199,8.932111,616.81,456.07,832.95,1.0,2.617,0.5234,0.4805,0.5234,665.4001,0.059,1.073,9,M4,,,
537202200030249,271.736654,9.596527,1178.66,763.6,2936.53,1.0,2.617,0.4449,0.4449,0.4972,665.3899,0.045,1.24,18,M4,,,
537203100017539,270.128021,9.341019,235.44,230.49,240.92,0.0,2.617,0.4187,0.4187,0.4449,665.3927,0.205,0.314,23,M3,5.19e+32,4.97e+32,5.44e+32
537204100048245,268.861174,9.006809,395.19,375.83,413.63,0.0,2.617,0.4972,0.4972,0.4972,673.2588,0.124,0.613,5,M2,3.64e+33,3.30e+33,3.99e+33
537205200066788,273.397096,11.359965,415.21,386.63,455.31,0.0,2.617,0.2094,0.1828,0.2094,665.4167,0.085,0.485,19,M2,8.75e+32,7.59e+32,1.05e+33
537206200026780,271.440598,11.026226,220.6,218.91,222.29,0.0,2.617,0.0,0.0,0.0,665.3917,0.063,0.15,9,M2,2.19e+32,2.16e+32,2.23e+32
537206300037904,271.028184,9.957181,1037.72,925.55,1187.2,0.0,2.617,0.3925,0.3925,0.3925,665.3707,0.251,0.578,81,M1,2.51e+34,2.00e+34,3.29e+34
537207300014024,269.962893,10.443497,142.34,141.25,143.96,0.0,2.617,0.0,0.0,0.0,665.4052,0.026,0.265,13,M4,,,
537207300022874,269.182373,10.20481,817.13,624.24,1131.79,1.0,2.617,0.4711,0.4449,0.4711,665.3905,0.073,2.13,46,M4,,,
537208200026121,267.65856,10.845688,333.14,311.19,353.88,0.0,2.617,0.3664,0.3664,0.3664,668.2699,,1.713,4,M4,,,
537209300023437,273.433884,12.187847,344.07,328.92,360.16,0.0,2.617,0.2355,0.2355,0.2423,665.3785,0.057,0.61,15,M3,2.79e+32,2.55e+32,3.06e+32
537209400035410,273.805945,11.945873,450.15,398.09,525.23,0.0,2.617,0.3925,0.3925,0.3925,672.2689,0.109,1.075,3,M4,,,
537211100026958,270.395745,12.795,425.05,399.95,458.7,0.0,2.617,0.2617,0.2617,0.2617,665.3655,0.056,0.515,13,M3,1.76e+32,1.56e+32,2.05e+32
537212100051903,268.623905,13.368853,205.83,203.95,207.71,0.0,2.617,0.0,0.0,0.0,665.3844,0.107,0.153,19,M1,6.60e+32,6.48e+32,6.73e+32
537213100014068,274.306432,15.105608,782.15,701.63,865.41,0.0,2.617,0.4449,0.4449,0.4449,665.3709,0.032,0.549,6,M2,8.21e+32,6.60e+32,1.00e+33
538203300017572,276.684939,8.600623,311.47,296.44,329.26,0.0,2.617,0.2617,0.2617,0.2617,334.2736,0.055,0.886,8,M3,4.54e+32,4.11e+32,5.07e+32
538204300025384,274.544355,8.438022,467.02,378.86,670.25,1.0,2.617,0.7268,0.7066,0.7602,333.253,0.05,1.749,25,M4,,,
538205100038212,281.139459,11.051357,397.71,391.96,402.41,0.0,2.617,0.4972,0.4972,0.4972,334.2867,0.184,0.177,16,M1,,,
538205300034474,279.996032,10.288004,1119.42,835.66,1678.1,1.0,2.617,0.4449,0.3925,0.5228,334.2378,0.12,1.096,12,M3,,,
538206200067287,278.563202,11.047656,1209.22,1054.7,1352.16,0.0,2.617,0.5051,0.4691,0.5234,334.2625,0.106,0.451,12,M1,,,
538207100120171,276.965809,11.42987,929.13,793.22,1106.04,0.0,2.617,0.4449,0.3925,0.4449,333.2737,0.03,1.146,20,M3,2.37e+33,1.73e+33,3.36e+33
538209100053880,281.582691,13.400196,417.36,403.33,429.98,0.0,2.617,0.5757,0.5757,0.5846,663.2419,0.225,1.358,13,M0,,,
538209100076131,281.46884,12.755414,829.21,698.1,1031.85,0.0,2.617,0.7328,0.7328,0.7328,333.2492,0.199,0.42,30,M2,3.39e+33,2.40e+33,5.25e+33
538209200036714,280.267742,12.887235,337.86,330.66,344.41,0.0,2.617,0.946,0.9421,0.9548,669.2363,0.123,0.285,2,M2,,,
538210200015036,278.123407,13.306185,267.13,259.74,274.44,0.0,2.617,0.3194,0.2921,0.3563,661.2407,0.016,0.437,2,M5,,,
538210400089557,279.644277,11.930547,1270.23,782.14,2414.44,1.0,2.617,0.5496,0.4972,0.6281,334.2218,0.082,1.536,11,M4,,,
538212100022239,275.370881,13.139693,618.64,541.57,701.27,0.0,2.617,0.3223,0.314,0.3402,661.2601,,1.272,8,M4,2.34e+34,1.79e+34,3.01e+34
538216300014552,274.541265,14.268648,295.25,285.42,308.47,0.0,2.617,0.3402,0.3402,0.3402,333.2545,0.094,0.158,17,M0,2.99e+32,2.80e+32,3.27e+32
539201200011026,287.48924,9.466693,2700.43,1864.17,3811.86,,2.617,4.7241,4.6583,5.1817,334.2602,0.082,4.175,37,M5,,,
539204100019534,282.529693,9.387199,209.25,204.49,213.8,0.0,2.617,0.2094,0.1606,0.2408,334.2943,0.067,1.225,7,M3,3.91e+32,3.73e+32,4.08e+32
539207100179645,284.197828,11.102394,481.49,427.09,567.17,0.0,2.617,0.5313,0.4449,0.6058,334.1983,,1.482,23,M4,,,
539208200012790,281.640399,11.446171,183.22,177.31,192.3,0.0,2.617,0.0,0.0,0.0,334.1891,,1.28,49,M5,,,
539212100118303,282.080321,13.076305,193.39,190.42,195.9,0.0,2.617,0.0,0.0,0.0,334.2519,0.148,0.66,16,M3,5.06e+33,4.91e+33,5.19e+33
539213300075358,287.573424,14.204267,304.78,295.33,316.02,1.0,2.617,0.2879,0.2879,0.2879,334.268,0.08,1.243,38,M1,1.08e+33,1.02e+33,1.16e+33
539213300088983,287.448128,13.95043,506.4,450.73,568.18,0.0,2.617,0.7375,0.6927,0.7824,334.2803,0.121,1.074,11,M3,1.31e+33,1.04e+33,1.65e+33
539215200032390,283.361417,14.940624,377.77,357.29,405.65,0.0,2.617,0.6542,0.6312,0.6542,334.2476,0.064,0.629,9,M2,2.21e+32,1.97e+32,2.55e+32
540205400125236,294.767395,10.076575,863.69,690.78,1092.8,1.0,2.617,0.4401,0.3702,0.6019,342.2255,0.06,0.76,7,M3,,,
540206300131630,292.289681,10.77826,897.65,738.41,1067.9,0.0,2.617,0.7555,0.5496,0.9458,341.2678,0.109,0.838,13,M0,1.83e+33,1.23e+33,2.58e+33
540208100038211,289.698466,11.18708,377.81,356.05,397.69,0.0,2.617,1.4917,1.4179,1.4917,342.2343,0.116,1.045,51,M4,7.77e+32,6.90e+32,8.61e+32
540214400090176,293.152989,14.460926,119.13,116.86,121.7,0.0,2.617,0.0,0.0,0.0,342.2784,0.05,0.831,11,M5,3.25e+31,3.12e+31,3.39e+31
541201200049600,300.947081,9.69509,207.03,203.79,210.26,0.0,2.617,0.0,0.0,0.0,341.3109,0.245,0.374,5,M3,5.80e+32,5.62e+32,5.98e+32
541207300084588,297.933203,10.040555,613.86,530.18,725.97,0.0,2.617,0.3925,0.3919,0.3925,342.2228,0.215,1.186,26,M4,7.42e+33,5.53e+33,1.04e+34
541211100051165,298.497904,12.758032,360.83,335.7,387.77,0.0,2.617,0.2617,0.2365,0.2759,341.2829,0.044,1.161,10,M4,6.49e+32,5.61e+32,7.49e+32
541211100096363,298.83008,12.849909,310.14,279.01,340.2,0.0,2.617,0.0958,0.0216,0.1329,341.2845,0.04,0.856,8,M4,,,
541212100004117,296.582383,13.515448,250.14,236.99,267.62,0.0,2.617,0.0262,0.0262,0.0262,341.273,0.055,1.415,12,M4,2.91e+32,2.61e+32,3.33e+32
541213300000228,301.097929,14.620353,193.81,188.86,199.53,0.0,2.617,0.0,0.0,0.0,341.3075,,0.32,7,M4,,,
541213400047810,302.182654,14.307399,1367.53,1121.2,1741.15,1.0,2.617,0.404,0.3925,0.4187,341.2752,0.185,0.326,15,M0,1.07e+34,7.19e+33,1.73e+34
541214100078518,300.535154,14.74627,409.67,390.21,434.22,0.0,2.617,0.1177,0.1047,0.1308,341.2769,0.062,1.283,34,M2,1.42e+33,1.29e+33,1.60e+33
542204400044869,303.262961,8.346957,579.38,534.21,623.31,0.0,2.617,0.2617,0.2384,0.2617,671.318,0.062,1.007,21,M2,2.14e+33,1.82e+33,2.48e+33
542206100010910,307.354033,11.309343,127.7,126.42,129.1,0.0,2.617,0.0,0.0,0.0,716.208,0.216,1.286,9,M3,6.72e+33,6.58e+33,6.87e+33
542210200017937,306.124398,13.105696,596.86,565.15,645.85,0.0,2.617,0.1047,0.0785,0.1259,726.2174,0.123,0.565,7,M1,1.57e+34,1.41e+34,1.84e+34
542212100024056,303.541134,13.054608,4100.55,2472.35,5893.39,1.0,2.617,0.4187,0.314,0.4187,671.3175,,1.077,49,M2,,,
542212200030614,302.414315,12.929441,684.81,562.81,882.19,0.0,2.617,0.2355,0.2355,0.2617,671.3349,0.051,1.331,15,M3,,,
542214100014895,307.222984,15.066859,125.11,122.47,127.64,0.0,2.617,0.0,0.0,0.0,671.3297,0.087,2.58,29,M6,,,
542214100027447,307.726126,14.717215,338.77,332.39,345.41,0.0,2.617,0.1047,0.1047,0.1047,671.305,0.111,0.287,23,M2,1.10e+33,1.06e+33,1.15e+33
543205100014801,316.415611,10.836355,2605.08,1372.93,3758.71,1.0,2.617,0.2879,0.2617,0.2879,672.4178,0.082,2.212,18,M4,,,
543205300006258,315.241394,10.48123,270.54,264.53,277.65,0.0,2.617,0.1047,0.0994,0.1047,672.4071,0.043,0.372,20,M2,2.81e+32,2.69e+32,2.96e+32
543207300029902,311.784042,10.02118,143.57,140.43,147.37,0.0,2.617,0.0,0.0,0.0,672.3763,0.12,0.598,23,M5,7.73e+31,7.40e+31,8.15e+31
543210300016804,313.519721,11.987476,398.67,376.07,424.84,0.0,2.617,0.1832,0.1311,0.1832,672.4023,0.035,0.578,24,M3,3.94e+32,3.50e+32,4.47e+32
543211200009343,311.808939,13.235958,256.95,247.86,265.52,0.0,2.617,0.0103,0.0,0.0252,672.4053,0.057,1.258,48,M4,,,
543211400008280,312.467535,12.405382,375.7,360.57,399.54,0.0,2.617,0.1308,0.1308,0.157,672.4038,0.038,0.872,30,M3,7.49e+32,6.90e+32,8.47e+32
543213200013246,315.136175,14.842397,363.66,340.56,385.69,0.0,2.617,0.0897,0.0785,0.1047,672.398,0.056,0.732,13,M4,2.02e+32,1.77e+32,2.28e+32
543214200034643,313.405505,14.942954,4673.4,2928.42,7306.29,,2.617,0.2355,0.2355,0.2355,672.3908,0.037,2.084,23,M4,,,
543215100006165,312.452463,15.253903,200.78,194.73,206.09,0.0,2.617,0.0,0.0,0.0,672.3943,0.03,0.762,30,M3,1.09e+32,1.03e+32,1.15e+32
558203300007792,58.326623,15.240645,304.82,290.34,318.08,0.0,2.617,0.7851,0.7589,0.7851,805.4217,0.199,1.525,104,M2,6.68e+33,6.06e+33,7.27e+33
558209200004959,62.297562,20.278614,75.44,75.26,75.57,0.0,2.617,0.0,0.0,0.0,788.3231,0.155,0.294,7,M4,,,
558214300007270,59.881205,21.271574,125.04,124.35,125.71,0.0,2.617,0.0,0.0,0.0,805.4323,0.056,0.196,24,M2,1.23e+32,1.22e+32,1.25e+32
558215300005204,58.149343,21.35623,142.71,141.22,144.2,0.0,2.617,0.1064,0.0783,0.1348,789.4124,0.129,0.708,4,M3,1.20e+32,1.17e+32,1.22e+32
558215400005978,58.448433,21.341222,860.46,767.58,962.34,0.0,2.617,0.4711,0.4243,0.4711,789.3128,0.149,0.479,5,M1,5.95e+33,4.74e+33,7.45e+33
562201200012596,90.56797,16.368769,398.14,386.76,410.1,0.0,2.617,0.314,0.2484,0.314,861.2609,0.099,0.261,25,M0,1.68e+33,1.59e+33,1.79e+33
562203200025079,87.14253,16.091676,1368.62,976.6,2199.24,1.0,2.617,0.6542,0.6542,0.7066,852.2329,0.076,1.192,13,M3,,,
562203300023427,86.813047,15.300521,186.93,183.3,189.89,0.0,2.617,0.0,0.0,0.0,852.1953,0.19,0.3,131,M3,,,
562204300011101,85.13877,15.559312,286.75,268.45,303.21,0.0,2.617,0.0523,0.0302,0.0594,852.2344,0.048,1.056,37,M4,,,
562204300025557,84.878009,15.409372,757.95,554.19,1361.88,1.0,2.617,0.6281,0.5691,0.6804,852.2251,0.041,1.334,24,M4,,,
562205300004119,90.653855,17.778397,415.0,373.7,449.73,0.0,2.617,0.2094,0.0523,0.2124,852.2402,0.063,0.57,9,M2,5.87e+32,4.76e+32,6.89e+32
562208300008487,84.622271,17.594043,147.16,144.04,150.94,0.0,2.617,0.0,0.0,0.0,852.2137,0.03,1.073,13,M4,5.67e+31,5.43e+31,5.96e+31
562209300013900,90.924624,19.237558,254.95,248.19,262.25,0.0,2.617,0.0591,0.0523,0.0719,852.2606,,0.311,17,M1,5.60e+32,5.30e+32,5.92e+32
562210100011140,89.394319,20.271053,197.07,195.95,198.2,0.0,2.617,0.0,0.0,0.0,852.2064,0.16,0.2,88,M1,4.56e+33,4.51e+33,4.61e+33
563202400050273,96.805855,15.373076,599.07,412.05,943.94,1.0,2.617,0.3218,0.0418,0.6542,862.233,,2.145,104,M4,,,
563203300009268,94.137687,15.694005,550.13,484.95,635.15,0.0,2.617,0.1371,0.1159,0.6542,862.2923,0.115,2.017,23,M3,9.79e+33,7.61e+33,1.31e+34
563205200047861,97.977081,18.469759,409.52,386.94,432.81,0.0,2.617,0.196,0.1832,0.2212,862.2349,,0.577,13,M2,4.80e+32,4.30e+32,5.40e+32
563207300000520,94.305558,17.956262,2688.3,1263.5,6427.56,1.0,2.617,3.4591,1.2562,3.6115,862.274,0.042,1.559,19,M4,,,
563210300021544,96.441179,19.239486,835.85,678.25,1164.6,0.0,2.617,0.0262,0.0262,0.0523,862.2915,0.125,0.76,19,M4,6.09e+33,4.01e+33,1.18e+34
564202100009239,104.360245,16.532687,628.99,572.99,695.05,0.0,2.617,0.1047,0.1047,0.1308,792.4526,0.16,0.217,21,M1,,,
564202200035268,102.880631,16.398581,610.47,533.13,720.61,0.0,2.617,0.0523,0.0281,0.0765,792.4439,0.353,0.619,47,M4,1.29e+34,9.86e+33,1.80e+34
564203400003482,102.070895,15.937609,632.48,571.49,702.32,0.0,2.617,0.157,0.157,0.1832,792.3777,,0.753,35,M2,,,
564204400013032,100.155116,15.64521,2097.79,2031.2,2178.57,0.0,2.617,0.3664,0.3564,0.3925,836.3758,,0.218,12,,,,
564208400004905,99.979434,17.780227,591.59,546.53,653.69,0.0,2.617,0.4293,0.3147,0.5133,836.3278,0.105,0.71,5,M2,1.44e+33,1.23e+33,1.76e+33
564208400006921,100.679749,17.721107,1000.14,691.4,2023.16,1.0,2.617,0.3402,0.1986,0.3664,792.4574,0.028,0.887,12,M4,,,
564213400030660,105.787225,21.620833,2577.95,1605.4,4058.0,1.0,2.617,0.0523,0.0523,0.0523,792.422,0.073,1.746,17,M4,,,
564214100015057,104.005017,21.965387,350.16,335.76,368.59,0.0,2.617,0.0262,0.0262,0.0262,792.4369,0.058,0.433,15,M3,5.71e+32,5.25e+32,6.33e+32
564214200004718,103.277228,22.412864,562.4,538.6,597.07,0.0,2.617,0.0785,0.0785,0.0785,836.3044,0.086,0.457,6,M2,4.35e+33,3.99e+33,4.91e+33
564214300011123,102.850743,21.354941,1051.83,683.87,1956.2,1.0,2.617,0.1832,0.0785,0.2004,792.4184,0.19,1.288,27,M3,,,
564214300033962,103.056477,20.997248,147.56,145.01,151.62,0.0,2.617,0.0,0.0,0.0,792.4655,0.042,0.922,16,M4,3.32e+31,3.21e+31,3.51e+31
564214400017566,103.915715,21.124842,271.5,268.65,274.2,0.0,2.617,0.0523,0.0523,0.0523,792.4048,0.114,0.25,34,M1,1.57e+33,1.54e+33,1.60e+33
564215200016298,101.16664,21.996272,727.24,625.83,831.46,0.0,2.617,0.1308,0.101,0.1308,792.3903,0.094,0.357,23,M1,1.65e+33,1.22e+33,2.16e+33
564216300033884,99.333772,20.995283,318.59,294.63,338.53,0.0,2.617,0.0262,0.0262,0.031,792.3936,0.229,0.508,51,M4,1.71e+33,1.46e+33,1.93e+33
565203300027449,108.140072,15.659959,227.88,213.65,244.74,0.0,2.617,0.0,0.0,0.0,795.3978,0.055,1.103,16,M4,,,
565204400012145,106.971246,15.407761,221.33,217.36,224.97,0.0,2.617,0.0,0.0,0.0,795.4128,0.04,0.299,13,M2,9.95e+31,9.59e+31,1.03e+32
565205300033297,112.372946,17.808416,353.07,319.82,403.56,0.0,2.617,0.0262,0.0262,0.0523,795.3864,0.1,1.613,43,M4,,,
565206400016326,110.88432,17.622548,995.06,675.21,1675.79,1.0,2.617,0.1047,0.1047,0.1047,795.4211,,2.02,19,M4,,,
565207200012247,108.786982,18.076139,168.26,159.72,177.33,0.0,2.617,0.0,0.0,0.0,795.4172,0.14,1.272,27,M6,4.73e+32,4.26e+32,5.26e+32
565208200003902,106.574602,18.586522,530.37,475.51,597.22,0.0,2.617,0.0785,0.0785,0.1047,795.3791,0.059,0.526,15,M3,,,
565208400021971,107.590446,17.46682,318.25,279.72,370.51,0.0,2.617,0.0291,0.0262,0.0523,795.3969,0.059,1.623,75,M4,,,
565211100012333,108.981938,19.976805,591.72,552.72,634.55,0.0,2.617,0.2265,0.2094,0.2355,795.4187,0.134,0.366,17,M2,2.51e+33,2.19e+33,2.89e+33
565212200010775,106.306561,20.163769,402.45,392.66,415.22,0.0,2.617,0.0262,0.0262,0.0262,795.3742,0.044,0.312,14,M2,4.75e+32,4.52e+32,5.06e+32
565212300033053,106.603256,19.226242,1068.18,769.64,1511.5,1.0,2.617,0.0785,0.0785,0.0785,795.3611,0.116,0.717,15,M4,,,
565212400008265,107.335398,19.364948,513.47,474.22,558.21,0.0,2.617,0.1047,0.1047,0.1047,795.3804,0.082,0.521,13,M3,8.03e+32,6.85e+32,9.49e+32
565215200001501,108.129563,22.580313,394.0,378.44,411.86,0.0,2.617,0.1047,0.1047,0.1047,836.3712,0.071,1.769,14,M2,1.22e+34,1.13e+34,1.34e+34
566209300013627,119.658731,19.247386,1868.96,1439.44,2628.24,1.0,2.617,0.0,0.0,0.0,852.2666,0.119,0.392,15,M0,,,
566211200000631,115.283836,20.721423,862.16,761.01,982.44,0.0,2.617,0.2094,0.2094,0.2094,828.4254,,0.755,4,M2,1.25e+34,9.73e+33,1.62e+34
567203100004519,123.342081,16.38958,1171.75,999.5,1374.88,0.0,2.617,0.1047,0.1047,0.1047,795.5059,0.159,0.324,24,M1,1.22e+34,8.90e+33,1.68e+34
567205100006016,127.335569,18.179327,174.3,171.94,176.17,0.0,2.617,0.0,0.0,0.0,795.4594,0.019,0.794,25,M4,,,
567209200003488,126.342449,20.365699,180.21,171.39,188.17,0.0,2.617,0.0,0.0,0.0,828.3746,0.154,4.958,14,M6,3.61e+34,3.26e+34,3.93e+34
567211100015978,123.510378,19.981791,338.39,322.29,353.71,,2.617,0.157,0.157,0.157,852.3558,,0.272,7,M3,,,
567216200003412,120.472104,22.262587,294.17,283.63,302.82,0.0,2.617,0.0456,0.0291,0.0523,795.5278,0.029,0.511,10,M3,3.88e+32,3.60e+32,4.11e+32
568201400006745,133.875678,15.448683,335.12,324.32,349.73,0.0,2.617,0.0785,0.0785,0.0785,796.4802,0.064,0.654,15,M3,1.18e+33,1.10e+33,1.28e+33
568202200007747,131.520693,16.798561,169.17,164.04,174.83,0.0,2.617,0.0,0.0,0.0,796.4934,0.02,1.186,12,M5,,,
568204200014342,127.603558,16.212624,363.92,339.17,387.78,0.0,2.617,0.0785,0.0785,0.0785,796.4876,0.118,0.751,21,M2,5.79e+32,5.03e+32,6.58e+32
568206100004969,132.432887,18.271437,794.14,621.78,1243.36,1.0,2.617,0.0262,0.0262,0.0262,796.5157,0.149,1.381,15,M4,,,
568210100020757,132.055459,20.540292,74.14,73.75,74.57,0.0,2.617,0.0,0.0,0.0,796.5271,0.025,0.442,10,M4,,,
568211200001022,129.075017,20.656657,269.74,254.68,290.48,0.0,2.617,0.0,0.0,0.0,796.451,0.061,1.017,18,M4,,,
568213400012193,134.67407,21.133464,193.6,189.85,197.36,0.0,2.617,0.0623,0.0262,0.1061,830.3672,0.421,0.702,24,M4,1.49e+33,1.43e+33,1.55e+33
569204100006483,135.835255,16.085611,656.0,577.49,760.62,0.0,2.617,0.0785,0.0785,0.1047,798.5237,0.094,1.028,23,M2,2.93e+33,2.27e+33,3.94e+33
569204200012652,134.906128,16.397571,472.83,427.53,525.45,0.0,2.617,0.1308,0.1308,0.1308,798.438,,0.784,29,M4,3.58e+33,2.93e+33,4.42e+33
569205300000610,140.128033,17.894714,376.23,330.75,437.52,0.0,2.617,0.0528,0.0262,0.0785,522.2662,0.132,0.65,5,M1,1.53e+33,1.18e+33,2.07e+33
569208200000727,134.64714,18.742533,582.97,545.09,627.01,0.0,2.617,0.2094,0.2094,0.2094,798.4602,0.26,0.474,48,M2,1.61e+33,1.41e+33,1.86e+33
569209300011028,140.713587,19.084069,559.7,467.16,695.41,0.0,2.617,0.0785,0.0785,0.0785,798.4846,0.04,1.414,17,M4,,,
569213200001929,140.904465,22.303994,297.41,273.28,329.62,0.0,2.617,0.0785,0.0785,0.0785,798.4501,0.059,1.573,20,M4,,,
570209300003695,147.450179,19.493622,51.47,51.4,51.55,0.0,2.617,0.0,0.0,0.0,526.2366,,0.213,57,M4,,,
586202100023351,260.916803,16.179989,226.67,213.91,241.29,0.0,2.617,0.2879,0.2879,0.2879,633.3816,0.246,0.805,34,M5,,,
586205400010860,263.176351,17.455384,722.47,656.48,798.26,0.0,2.617,0.1832,0.1832,0.1832,633.3966,0.188,0.445,23,M2,7.11e+32,5.87e+32,8.68e+32
586209100009696,263.385163,20.155374,109.22,108.4,110.17,0.0,2.617,0.0,0.0,0.0,633.413,0.023,0.65,15,M4,5.47e+31,5.39e+31,5.56e+31
587201300004057,269.580526,15.947553,755.09,702.63,814.68,0.0,2.617,0.2617,0.2617,0.2732,1019.452,0.051,0.335,11,M1,1.15e+33,9.98e+32,1.34e+33
587202400001270,268.510473,16.034515,297.07,285.5,308.31,0.0,2.617,0.2071,0.1688,0.2094,1019.4178,0.049,0.523,10,M3,1.69e+32,1.56e+32,1.82e+32
587203100017662,266.336183,16.25939,2934.41,1716.31,5412.71,1.0,2.617,0.2879,0.2879,0.2879,1019.4317,0.101,0.924,16,M1,,,
587211100000613,266.86343,20.757689,281.76,273.17,291.36,0.0,2.617,0.1832,0.1832,0.1832,1019.4369,0.025,0.597,6,M3,3.93e+31,3.70e+31,4.21e+31
588202100015854,275.628709,16.588055,512.07,489.98,536.67,0.0,2.617,0.3925,0.3925,0.3925,645.3652,0.092,0.267,13,M2,8.81e+32,8.06e+32,9.67e+32
588203100018252,274.122737,16.464394,3749.19,1867.76,6251.18,1.0,2.617,0.6281,0.6281,0.6281,645.3633,0.052,1.101,9,M3,,,
588203300022359,272.824573,15.484896,381.09,363.58,401.62,0.0,2.617,0.314,0.314,0.3402,645.3751,0.105,0.729,50,M3,1.10e+33,1.00e+33,1.22e+33
588216400014992,272.035324,21.25424,902.32,782.83,1039.14,0.0,2.617,0.2355,0.2355,0.2355,645.3767,0.062,0.654,11,M3,5.41e+32,4.07e+32,7.17e+32
589202200084816,282.380927,16.553697,1684.73,1131.21,3108.1,1.0,2.617,0.5757,0.5496,0.6542,646.3439,0.193,0.586,15,M2,,,
589202300011959,282.244639,15.88004,213.7,192.94,237.03,0.0,2.617,0.1047,0.0262,0.1568,646.3626,0.037,2.826,15,M6,,,
589202300090267,282.534772,15.667702,434.18,383.83,567.83,0.0,2.617,0.432,0.3855,0.4799,646.3564,0.101,2.103,45,M4,,,
589202400111122,283.049932,15.907408,162.23,161.05,163.44,0.0,2.617,0.0,0.0,0.0,646.3435,0.065,0.55,16,M2,3.21e+33,3.16e+33,3.26e+33
589206200076345,281.990314,18.256648,644.34,573.78,728.68,0.0,2.617,0.6019,0.6019,0.6542,646.3621,0.14,0.991,30,M2,9.35e+32,7.41e+32,1.20e+33
589207200054339,279.997731,18.517031,528.18,496.9,558.42,0.0,2.617,0.5757,0.5757,0.5757,646.3852,0.289,0.292,29,M2,,,
589215400072302,281.164435,21.631688,176.96,170.84,182.02,0.0,2.617,0.0,0.0,0.0,646.3747,0.041,1.041,15,M4,1.01e+32,9.45e+31,1.07e+32
590202200092017,289.322504,16.412981,3746.02,2238.43,5190.5,1.0,2.617,3.3759,2.3549,3.575,1020.4038,0.122,0.947,19,M3,,,
590203200103620,287.175713,16.607795,5465.19,3624.97,7908.8,,2.617,2.1459,1.7796,2.2244,1020.4549,0.035,2.953,19,M2,,,
590204200058650,285.309899,16.784827,1221.72,942.69,1551.15,1.0,2.617,1.1253,1.0723,1.1253,1020.4147,0.238,0.599,8,M1,,,
590211300102474,287.233234,19.513219,304.38,295.0,315.31,0.0,2.617,0.6019,0.5857,0.6019,800.143,0.061,0.776,38,M3,1.35e+32,1.27e+32,1.45e+32
590212100089961,286.005203,20.360095,247.38,231.0,265.91,0.0,2.617,0.1292,0.0547,0.1829,1020.4252,0.053,1.811,16,M4,,,
590212200002362,285.413475,20.715038,116.39,115.66,117.2,0.0,2.617,0.0,0.0,0.0,1020.4214,0.008,0.306,9,M3,1.19e+31,1.18e+31,1.21e+31
590213400005074,292.041044,21.691428,341.13,330.59,352.36,0.0,2.617,0.4091,0.3664,0.4386,800.1393,0.132,0.426,32,M2,1.53e+33,1.44e+33,1.63e+33
590214400009421,290.522054,21.652025,491.29,471.22,517.49,0.0,2.617,0.9592,0.9421,0.9683,800.1516,0.231,1.767,44,M1,5.24e+33,4.82e+33,5.81e+33
591206400029684,297.565269,17.489707,797.18,597.51,1147.8,1.0,2.617,0.2372,0.1832,0.2982,344.2669,0.193,0.788,24,M1,,,
591207100054288,295.302949,18.775024,1878.0,1123.28,3303.5,1.0,2.617,1.23,0.9452,1.6496,343.1983,0.089,3.11,39,M4,,,
591207100096017,295.269425,18.758141,335.69,312.36,366.71,0.0,2.617,0.3664,0.3664,0.4599,343.2941,,0.668,7,M4,,,
591209200052925,298.195756,20.709209,1838.09,1126.11,3525.66,1.0,2.617,0.8263,0.7328,1.0963,343.2465,0.6,0.88,44,M2,,,
591209200060566,298.775357,20.504763,754.84,596.77,1019.71,1.0,2.617,0.3432,0.3402,0.4449,343.2404,0.211,2.23,37,M4,,,
591210100080205,297.433178,20.0984,612.98,572.15,654.53,0.0,2.617,0.7981,0.7459,0.8374,343.2384,0.085,0.594,9,M1,5.18e+32,4.51e+32,5.90e+32
591211400060267,295.536479,19.643307,504.56,450.01,582.94,0.0,2.617,0.4449,0.3959,0.772,343.2083,0.438,0.311,25,M1,4.04e+33,3.21e+33,5.39e+33
591214100129471,297.574602,22.251937,365.17,304.76,442.39,0.0,2.617,0.6281,0.1832,0.7851,344.1963,0.123,1.475,31,M4,,,
592203100050440,303.01083,16.947224,1828.02,1061.54,4874.88,1.0,2.617,0.5234,0.4449,0.7328,343.2554,0.13,0.659,12,M3,,,
592203300070186,301.522667,15.280699,963.5,633.25,1394.14,1.0,2.617,0.3402,0.2617,0.3925,343.24,0.091,2.353,34,M4,,,
592203400017875,302.486733,15.783321,712.57,570.04,952.24,1.0,2.617,0.2879,0.2417,0.318,344.2087,0.11,1.02,10,M4,,,
592204400017738,301.363406,15.814271,531.69,472.21,619.0,0.0,2.617,0.1832,0.1047,0.2094,343.2984,0.07,1.146,7,M4,,,
592205200031940,306.09853,18.279989,858.33,618.63,1198.38,1.0,2.617,0.1308,0.0785,0.1308,343.2548,0.181,0.742,19,M2,,,
592205400010951,306.961625,17.710448,311.87,300.7,322.52,0.0,2.617,0.0,0.0,0.0262,344.2667,0.094,1.392,39,M2,5.46e+33,5.08e+33,5.84e+33
592206100017648,304.683088,18.565224,751.55,689.76,825.55,0.0,2.617,0.0785,0.0785,0.0785,343.2085,0.023,0.376,6,M2,2.35e+33,1.98e+33,2.83e+33
592207400067295,302.501309,17.258278,385.64,347.83,426.02,0.0,2.617,0.1308,0.1128,0.1617,344.2843,0.191,0.946,27,M4,2.74e+33,2.23e+33,3.35e+33
592208200105978,300.414895,18.095105,596.96,457.26,869.16,1.0,2.617,0.1911,0.157,0.4335,343.2024,0.136,1.304,25,M4,,,
592208400030991,300.759257,17.50554,130.01,125.03,135.47,0.0,2.617,0.0,0.0,0.0,343.2278,0.055,3.8,42,M7,,,
592209300025681,305.923642,19.451615,201.71,195.18,207.23,0.0,2.617,0.0262,0.0262,0.0262,344.2203,0.091,0.997,22,M4,,,
592210300083942,303.560386,19.862451,564.19,529.46,620.46,0.0,2.617,0.2355,0.2094,0.2541,344.229,0.086,0.459,12,M2,6.78e+32,5.97e+32,8.20e+32
592211100005052,302.563433,20.714442,414.4,407.24,422.25,0.0,2.617,0.0785,0.0785,0.0785,343.2268,0.093,0.236,10,M0,2.98e+33,2.88e+33,3.10e+33
592215100020449,302.913582,22.379634,111.49,109.62,113.57,0.0,2.617,0.0,0.0,0.0,344.2734,0.032,0.75,6,M5,2.46e+31,2.38e+31,2.56e+31
592215200126690,301.438855,22.562187,399.18,385.19,411.0,0.0,2.617,0.1321,0.1158,0.1482,344.227,0.063,0.488,11,M2,7.78e+32,7.24e+32,8.24e+32
592216100017081,300.792535,22.370831,559.89,530.11,592.44,0.0,2.617,0.4187,0.3402,0.4637,344.2849,0.088,0.768,19,M1,2.41e+33,2.16e+33,2.70e+33
593208300009144,307.617575,17.752306,215.72,213.11,217.86,0.0,2.617,0.0616,0.0561,0.0675,673.4244,0.046,0.451,39,M1,5.31e+32,5.19e+32,5.42e+32
593208300037180,307.660763,17.632493,2699.19,1844.25,4071.93,1.0,2.617,0.157,0.157,0.157,673.3995,0.188,0.689,23,M4,,,
593211200011744,309.240687,20.489865,255.66,245.11,269.77,0.0,2.617,0.0,0.0,0.0,673.3998,0.028,0.719,17,M4,9.04e+31,8.31e+31,1.01e+32
593214400006998,312.218928,21.598166,483.34,427.72,565.43,0.0,2.617,0.0785,0.0523,0.1308,673.4003,0.316,1.02,53,M4,,,
593215400016235,310.264832,21.406628,1652.68,1113.39,2656.85,1.0,2.617,0.2879,0.2617,0.2879,673.3906,0.294,1.038,67,M3,,,
593215400023976,310.166975,21.210417,466.37,436.59,497.05,0.0,2.617,0.0262,0.0262,0.0486,673.4058,0.131,0.582,29,M3,4.97e+32,4.36e+32,5.65e+32
594204300009765,314.204191,15.633595,207.93,198.93,219.75,0.0,2.617,0.0262,0.0262,0.0262,1030.4326,0.025,0.659,12,M4,,,
594204400022694,315.161494,15.785856,299.73,278.93,323.11,0.0,2.617,0.1047,0.1047,0.1047,1030.4082,0.048,1.577,29,M4,,,
605201300000320,40.726623,23.208121,149.45,148.63,150.32,0.0,2.617,0.0,0.0,0.0,782.3402,0.031,0.347,7,M2,3.12e+32,3.09e+32,3.16e+32
605201400002720,41.705968,22.947628,110.9,109.83,111.85,0.0,2.617,0.0,0.0,0.0,782.3304,0.076,0.543,16,M3,,,
605207300006405,36.732201,24.582598,323.66,316.43,332.66,0.0,2.617,0.3925,0.3925,0.3925,785.2673,0.105,0.59,5,M0,3.17e+33,3.03e+33,3.35e+33
606202400006291,47.327817,22.734837,237.44,228.18,247.49,0.0,2.617,0.4716,0.4711,0.4905,785.4472,,1.545,6,M3,3.07e+33,2.83e+33,3.33e+33
606210100022825,47.816768,27.68167,223.33,219.5,226.94,0.0,2.617,0.6989,0.6804,0.7066,783.2737,0.071,0.845,9,M2,3.12e+32,3.01e+32,3.22e+32
607201400007687,56.788233,22.508877,132.49,129.19,135.09,0.0,2.617,0.3664,0.3664,0.3664,788.3898,0.07,0.457,7,M2,2.74e+33,2.60e+33,2.85e+33
607205300008457,55.929856,24.548756,144.4,142.54,146.59,0.0,2.617,0.5234,0.5234,0.5234,789.4074,0.084,2.318,7,M3,6.48e+33,6.32e+33,6.68e+33
607212300007894,50.248248,26.331631,99.31,97.82,100.82,0.0,2.617,0.0,0.0,0.0,788.3917,0.131,0.512,3,M5,1.06e+32,1.03e+32,1.10e+32
608211400002907,60.767484,26.913343,140.99,139.25,142.79,0.0,2.617,0.1781,0.1443,0.2275,806.2892,0.036,0.393,10,M3,7.70e+31,7.51e+31,7.90e+31
611201100032960,86.973204,23.406466,335.69,316.38,355.1,0.0,2.617,0.2094,0.1315,0.2094,846.2007,0.081,1.504,40,M3,1.09e+33,9.69e+32,1.22e+33
611205200009974,86.53826,25.877252,2396.51,1349.39,3984.51,,2.617,3.3546,0.9167,3.5333,846.1886,0.102,2.06,27,,,,
611206200018516,84.439575,25.661042,271.96,245.42,332.31,0.0,2.617,0.5533,0.3664,0.5757,846.1936,0.03,2.805,34,M4,,,
611210100010170,85.613486,27.288931,1465.19,912.72,2989.53,1.0,2.617,1.5702,0.8067,2.46,846.2011,0.203,0.568,22,M1,1.55e+33,6.02e+32,6.46e+33
611210300002459,84.192073,26.897846,2084.52,1147.88,3119.79,1.0,2.617,1.6424,0.874,2.0674,846.173,0.072,1.424,19,M4,,,
612202300031532,91.351981,22.613968,399.21,363.97,442.56,0.0,2.617,0.1047,0.0609,0.1047,850.2236,0.023,2.521,9,M4,2.45e+33,2.03e+33,3.01e+33
612204400005657,89.015651,22.964969,768.47,581.22,1011.4,1.0,2.617,0.7812,0.4861,0.9159,850.2167,0.062,0.88,9,M4,,,
613201200012467,100.975993,23.483299,332.68,319.64,348.09,0.0,2.617,0.0262,0.0262,0.0262,836.3641,0.077,1.352,19,M3,7.54e+33,6.96e+33,8.26e+33
613201300016799,100.913326,22.53359,658.36,513.28,949.21,1.0,2.617,0.0262,0.0,0.0785,836.3057,0.127,1.235,6,M4,,,
613201400016690,101.951831,22.453511,362.92,330.62,399.17,0.0,2.617,0.0262,0.0262,0.0523,791.4129,0.13,0.638,13,M4,4.02e+32,3.33e+32,4.86e+32
613202100025568,100.173593,23.698803,349.42,276.36,441.98,0.0,2.617,0.0523,0.0262,0.0785,791.3891,0.153,1.949,34,M4,,,
613202100036836,99.998981,23.347569,433.51,374.3,555.02,0.0,2.617,0.0523,0.0505,0.0523,791.4429,0.127,0.828,20,M2,9.52e+32,7.10e+32,1.56e+33
613204200010585,95.187626,23.666659,3144.11,1825.72,4540.16,1.0,2.617,1.1253,0.9541,1.4729,791.4147,,1.831,29,M4,,,
613207100017506,97.812248,25.323724,393.21,340.33,465.25,0.0,2.617,0.1756,0.1047,0.2094,791.4288,0.052,0.954,13,M4,6.49e+32,4.86e+32,9.08e+32
613207200012052,97.501744,25.513305,400.52,377.04,423.73,0.0,2.617,0.0344,0.0262,0.1266,836.327,0.158,1.172,30,M3,6.41e+33,5.68e+33,7.17e+33
613209200026262,101.495398,27.279923,1083.68,838.56,1436.64,1.0,2.617,0.2617,0.2094,0.2617,791.466,,2.126,16,M3,,,
613210400019555,100.326351,26.342815,290.15,284.3,298.9,0.0,2.617,0.0655,0.0523,0.1047,836.3381,0.232,0.418,22,M2,,,
613212100019890,96.358226,27.196696,400.0,379.54,421.79,0.0,2.617,0.0807,0.0785,0.1047,791.4296,0.062,0.522,24,M3,9.07e+32,8.16e+32,1.01e+33
613212400040235,96.252636,27.020431,1310.98,827.5,2332.63,1.0,2.617,0.3925,0.2879,0.4711,791.4244,0.098,1.476,23,M3,,,
613215100036260,98.590145,29.125121,458.46,408.9,515.24,0.0,2.617,0.3402,0.3402,0.3528,791.4485,0.032,0.625,9,M3,3.82e+32,3.04e+32,4.82e+32
613215200010048,96.724318,29.35987,386.18,373.48,400.89,0.0,2.617,0.2617,0.2617,0.2617,836.3824,0.087,0.431,7,M2,9.87e+32,9.23e+32,1.06e+33
614209200016429,109.072952,27.477725,585.65,528.52,647.48,0.0,2.617,0.0785,0.0785,0.0785,836.3759,0.382,0.594,14,M2,1.84e+34,1.50e+34,2.25e+34
614214100009321,107.668073,29.186748,357.25,338.98,376.66,0.0,2.617,0.0847,0.0785,0.1047,836.361,0.1,0.507,3,M3,1.60e+33,1.44e+33,1.78e+33
614215400003908,105.22277,28.785159,512.0,463.89,572.09,0.0,2.617,0.1308,0.1047,0.1308,836.2501,,0.886,7,M3,2.82e+34,2.31e+34,3.52e+34
615212300006673,109.892473,26.62912,1451.78,1416.36,1487.76,0.0,2.617,0.1308,0.1308,0.1308,849.3388,,0.206,7,,,,
616201200004109,123.679713,23.600407,45.17,45.13,45.21,0.0,2.617,0.0,0.0,0.0,849.3825,0.096,0.166,3,M4,1.31e+32,1.30e+32,1.31e+32
616202100009215,122.345934,23.877202,262.3,216.34,323.28,0.0,2.617,0.0,0.0,0.157,798.3539,0.02,3.335,26,M6,,,
616202300006008,121.371161,22.600414,1259.31,883.87,1762.3,1.0,2.617,0.1308,0.1308,0.1308,849.2867,0.35,1.333,19,,,,
616205200001740,123.654664,25.823236,716.29,619.75,812.3,0.0,2.617,0.1047,0.1047,0.1047,846.3801,0.216,1.826,12,M3,7.64e+33,5.72e+33,9.82e+33
616207400000483,120.236097,25.137542,288.27,259.11,313.42,0.0,2.617,0.0,0.0,0.0,812.5288,0.069,1.265,8,M6,,,
616208300007858,117.563173,24.501257,187.55,183.11,192.13,0.0,2.617,0.0,0.0,0.0,511.2941,0.126,1.555,17,M4,,,
616210200002265,121.338176,27.728753,229.74,223.06,237.08,0.0,2.617,0.0,0.0,0.0,846.3907,,1.179,6,M3,1.74e+33,1.64e+33,1.86e+33
616211200002762,119.552438,27.713144,737.92,617.02,894.02,0.0,2.617,0.0785,0.0785,0.0785,812.5349,0.085,1.186,16,M4,,,
616216400015754,118.212119,28.220775,394.09,356.37,439.34,0.0,2.617,0.0523,0.0523,0.0523,511.3311,0.13,1.922,11,M4,9.71e+32,7.94e+32,1.21e+33
618206300000522,136.993104,25.118284,85.97,85.41,86.55,0.0,2.617,0.0,0.0,0.0,522.3255,0.084,0.39,5,M4,,,
618208400008707,133.472698,24.326595,330.63,315.06,346.45,0.0,2.617,0.1308,0.1308,0.1308,522.2731,0.422,0.361,10,M4,,,
619202300010776,143.945564,22.936095,139.25,137.68,140.66,0.0,2.617,0.0,0.0,0.0,524.2921,0.069,0.666,9,M3,1.05e+33,1.03e+33,1.08e+33
619211300008486,141.906026,26.932074,177.12,168.65,187.47,0.0,2.617,0.0,0.0,0.0,523.2925,0.117,2.33,20,M4,,,
636201200031136,273.305409,23.365004,105.15,103.19,107.43,0.0,2.617,0.0,0.0,0.0,1031.3942,0.026,1.869,16,M6,3.21e+31,3.09e+31,3.35e+31
636201400048178,274.182054,22.587226,343.95,308.68,386.09,0.0,2.617,0.3664,0.3664,0.3664,1047.3424,0.074,2.025,40,M4,,,
636202300001661,271.332312,23.22351,678.62,608.47,774.61,0.0,2.617,0.3925,0.3761,0.3925,1031.4286,0.08,0.604,10,M4,,,
636202300014066,271.10403,22.734997,305.62,284.69,324.21,0.0,2.617,0.2568,0.2355,0.273,1031.4345,0.036,1.393,19,M3,2.95e+32,2.56e+32,3.32e+32
636205300035583,273.174015,24.593092,387.32,360.39,412.3,0.0,2.617,0.4972,0.4972,0.4972,1031.4017,0.018,1.023,12,M4,,,
636208200009354,267.444025,25.558958,202.87,199.93,206.98,0.0,2.617,0.0,0.0,0.0,1047.3674,0.046,0.285,7,M4,1.37e+32,1.33e+32,1.43e+32
636210300010987,271.205389,26.622607,144.25,142.73,145.7,0.0,2.617,0.0,0.0,0.0,1031.4035,0.183,0.455,61,M3,2.81e+32,2.75e+32,2.86e+32
636211100002596,270.56088,27.857271,407.22,318.9,590.06,1.0,2.617,0.157,0.1308,0.2094,1047.3605,0.007,0.19,11,M4,,,
636213100035017,274.372064,29.003762,647.96,591.92,728.49,0.0,2.617,0.2617,0.2617,0.2617,1047.3743,0.133,0.602,12,M3,2.13e+33,1.78e+33,2.69e+33
636215100024855,270.673561,29.189817,2066.06,1301.46,3259.18,1.0,2.617,0.2094,0.2094,0.2094,1047.3611,0.242,0.711,23,M2,,,
636215200007680,269.069147,29.454116,643.29,608.09,680.56,0.0,2.617,0.157,0.157,0.157,1047.374,0.056,0.338,9,M2,6.55e+32,5.86e+32,7.34e+32
637202100060906,279.434047,23.713328,124.89,123.45,126.16,0.0,2.617,0.0,0.0,0.0,657.3251,0.056,0.498,12,M4,1.96e+31,1.91e+31,2.00e+31
637203300045906,276.482144,22.986032,475.68,438.8,509.28,0.0,2.617,0.314,0.314,0.314,657.3186,0.082,0.905,16,M5,,,
637205100064421,281.73583,25.22078,316.67,303.91,329.08,0.0,2.617,0.367,0.3664,0.3845,657.2928,0.094,0.98,59,M5,7.15e+32,6.59e+32,7.72e+32
637206100051651,280.198469,25.562167,511.11,416.15,665.23,0.0,2.617,0.157,0.1308,0.2072,657.3379,0.043,2.317,7,M4,,,
637209300050479,280.72674,26.671907,161.94,154.0,172.16,0.0,2.617,0.0,0.0,0.0,657.285,0.019,4.211,63,M6,,,
637209400015949,282.05527,26.656368,301.86,285.43,321.78,0.0,2.617,0.3191,0.2994,0.3402,657.3219,0.021,1.526,26,M4,,,
637212400010948,275.556637,26.717796,258.45,248.08,268.21,0.0,2.617,0.0,0.0,0.0036,657.2892,0.064,1.021,35,M4,,,
637213300020319,281.254861,28.365231,752.37,585.6,1099.13,1.0,2.617,0.4449,0.314,0.4711,657.3325,0.078,1.67,19,M4,,,
637214300035133,278.935253,28.272658,844.45,518.53,1454.42,1.0,2.617,0.4449,0.251,0.4711,657.2871,0.082,2.452,27,M4,,,
637215400018375,277.88124,28.394085,576.11,529.19,629.75,0.0,2.617,0.2879,0.285,0.2879,657.3368,0.048,3.069,9,M3,6.41e+33,5.41e+33,7.66e+33
637216400025057,275.766866,28.660404,427.62,392.89,472.85,0.0,2.617,0.157,0.157,0.2088,657.2752,,0.826,19,M3,2.40e+32,2.00e+32,2.90e+32
638205100079167,288.889389,25.933115,439.47,410.08,463.63,0.0,2.617,0.4187,0.406,0.4357,338.2624,0.104,0.815,12,M2,1.17e+33,1.02e+33,1.30e+33
638205400087244,289.300254,25.104968,733.78,560.63,1025.9,1.0,2.617,0.6444,0.6005,0.7444,337.2931,0.185,0.546,12,M4,,,
638206200066963,286.214757,25.652879,2553.13,1428.16,3511.95,1.0,2.617,0.6542,0.6281,0.6542,338.2419,0.096,2.113,42,M4,,,
638208400005667,283.493857,25.068638,588.3,542.1,632.52,0.0,2.617,0.7066,0.6899,0.7066,338.256,0.177,0.496,13,M3,3.95e+32,3.36e+32,4.57e+32
638208400023289,283.332999,24.70826,100.26,99.55,100.86,0.0,2.617,0.0,0.0,0.0,338.2258,,1.923,60,M4,8.06e+33,7.95e+33,8.16e+33
638208400026499,282.738945,24.632282,450.08,433.72,465.82,0.0,2.617,0.4187,0.4187,0.4187,338.2681,0.263,0.421,45,M2,3.51e+33,3.26e+33,3.76e+33
638210200008030,286.679457,27.826643,104.51,103.77,105.31,0.0,2.617,0.0,0.0,0.0,338.2557,0.14,1.362,51,M4,8.52e+32,8.40e+32,8.65e+32
638211200053978,284.215565,27.565887,383.52,358.84,411.55,0.0,2.617,0.314,0.314,0.314,337.2882,0.193,2.322,40,M4,1.91e+33,1.68e+33,2.20e+33
638212100027306,282.845822,27.402228,600.36,544.5,648.02,0.0,2.617,0.2879,0.2617,0.2879,337.2844,0.309,0.566,27,M2,9.20e+33,7.57e+33,1.07e+34
638213200031376,288.768887,29.211739,868.86,717.56,1117.28,1.0,2.617,0.3664,0.3263,0.3925,337.3106,0.196,2.288,23,M4,,,
638213200065694,288.281812,29.337667,217.24,205.08,229.34,0.0,2.617,0.0,0.0,0.0,337.2743,0.065,2.503,26,M5,,,
638213400028540,289.74794,28.486971,1525.39,1063.74,2066.76,1.0,2.617,0.4711,0.3664,0.5234,337.2618,0.066,0.798,18,M3,,,
638214100041325,287.829508,29.730454,1562.8,1324.55,1962.24,0.0,2.617,0.4449,0.4187,0.4821,337.3072,0.258,0.566,23,M0,4.74e+34,3.41e+34,7.47e+34
638214200057201,286.2316,29.185509,384.18,374.45,394.38,0.0,2.617,0.1308,0.1258,0.1308,338.2603,0.141,0.393,13,M3,1.00e+33,9.53e+32,1.06e+33
638214300053320,285.965641,28.797411,505.99,483.81,524.39,0.0,2.617,0.2355,0.2355,0.2355,338.2763,0.081,0.691,34,M1,4.34e+33,3.97e+33,4.67e+33
638214400043016,286.900843,28.254369,3821.05,1909.65,11423.04,1.0,2.617,0.7066,0.6281,0.7066,337.2727,,1.236,30,,,,
638215300014581,284.51467,28.599324,411.97,376.71,448.27,0.0,2.617,0.1202,0.1047,0.1308,337.2639,0.085,1.573,20,M4,,,
638216100032935,283.169228,29.325898,289.86,281.62,296.18,0.0,2.617,0.0,0.0,0.0,338.2529,0.089,0.964,21,M5,,,
638216300007158,282.427639,28.690063,52.66,52.49,52.83,0.0,2.617,0.0,0.0,0.0,338.2964,0.067,0.457,7,M6,,,
638216300033447,282.103427,28.503883,441.08,428.91,452.25,0.0,2.617,0.2879,0.2879,0.2879,338.2151,0.63,0.301,86,M3,,,
638216300042640,282.428233,28.578858,467.98,456.14,477.65,0.0,2.617,0.1047,0.1047,0.1047,338.2518,0.206,0.199,13,M1,4.45e+33,4.22e+33,4.63e+33
639201300042414,295.50112,23.193,2171.81,1514.02,4625.37,1.0,2.617,3.4668,1.4394,4.0199,337.2685,0.365,1.323,34,M4,,,
639203300106796,291.500637,22.699284,605.91,532.56,695.88,0.0,2.617,3.4884,3.4035,3.5853,337.2655,0.069,1.046,7,M4,3.59e+31,2.77e+31,4.74e+31
639204200075461,289.32416,23.410194,268.19,259.03,280.09,0.0,2.617,0.8844,0.8514,1.114,338.2932,0.07,0.59,7,M3,1.14e+32,1.06e+32,1.24e+32
639206200123826,293.681019,26.021736,3042.47,2114.24,4878.0,1.0,2.617,1.387,1.1255,1.7965,338.2966,0.432,0.86,28,M0,,,
639209300061043,295.896847,26.656677,549.24,459.6,703.03,0.0,2.617,0.5281,0.4314,1.2006,338.2717,0.356,2.537,68,M4,,,
639210300089871,294.028516,26.340539,1131.1,915.37,1404.22,1.0,2.617,0.8898,0.8617,0.8898,338.2875,0.394,1.008,34,M3,1.90e+34,1.25e+34,2.93e+34
639213300028627,296.345157,28.490412,362.32,356.27,369.75,0.0,2.617,0.0452,0.0299,0.0637,338.2153,0.235,0.351,26,M2,2.41e+33,2.33e+33,2.50e+33
640201300099743,302.996876,22.523605,285.47,280.13,290.84,0.0,2.617,0.0262,0.0262,0.0262,1004.4214,0.185,0.59,55,M3,2.27e+33,2.19e+33,2.36e+33
640203400113003,300.566844,23.145733,239.64,233.66,246.92,0.0,2.617,0.0,0.0,0.0,1004.4571,0.039,0.774,10,M3,4.64e+32,4.41e+32,4.92e+32
640205300005204,303.013576,25.094947,864.29,764.3,1017.96,0.0,2.617,0.7589,0.6192,1.0468,1004.4323,0.249,0.375,39,M1,,,
640207100002505,300.090012,26.025545,775.58,683.85,881.91,0.0,2.617,0.8374,0.7432,0.885,1004.4034,0.421,0.668,48,M2,,,
640207100082919,300.080014,25.71047,465.01,441.08,488.18,0.0,2.617,0.2198,0.1775,0.2355,1004.4359,0.048,0.58,28,M2,6.55e+32,5.89e+32,7.22e+32
640209100095830,303.950154,27.21106,592.69,507.59,700.37,0.0,2.617,0.2355,0.2151,0.2355,1004.4262,0.058,1.685,33,M4,,,
640210300011708,301.193712,26.874604,307.37,293.33,324.9,0.0,2.617,0.0394,0.0262,0.0523,1004.4579,0.025,1.156,8,M3,5.85e+32,5.33e+32,6.54e+32
640211400111392,300.159135,26.302702,291.59,285.32,298.42,0.0,2.617,0.2355,0.2355,0.2355,1004.4398,0.093,1.649,53,M4,,,
640215200082147,299.198725,29.614255,623.14,550.24,716.56,0.0,2.617,0.2617,0.2518,0.3099,1004.4204,0.057,1.208,15,M2,2.19e+33,1.71e+33,2.89e+33
640215400055762,300.030762,28.666313,507.19,459.85,567.17,0.0,2.617,0.231,0.1964,0.2879,1004.4555,0.083,1.523,15,M4,,,
641202200048787,308.852932,23.597118,214.12,191.74,245.22,0.0,2.617,0.0,0.0,0.0,1022.4341,0.028,0.766,7,M4,,,
641208100083516,305.430492,25.957977,229.34,221.82,236.75,0.0,2.617,0.0,0.0,0.0,1005.4412,0.029,1.03,22,M4,,,
641209200056287,311.128999,27.611043,1256.75,913.56,1743.68,1.0,2.617,0.3648,0.2879,0.3664,1022.4296,0.042,1.608,18,M4,,,
641211200059271,306.74258,27.473098,316.35,306.74,325.87,0.0,2.617,0.0262,0.0262,0.0262,1022.4125,0.166,0.362,36,M3,1.10e+33,1.03e+33,1.16e+33
641214100081332,309.787189,29.624741,318.69,307.68,330.42,0.0,2.617,0.0,0.0,0.0,1022.4073,0.036,1.383,14,M3,9.67e+32,9.01e+32,1.04e+33
641215300040202,306.345667,28.309267,450.95,361.79,605.15,1.0,2.617,0.1832,0.0874,0.2879,1022.4418,0.048,3.485,34,M6,,,
641215300051726,306.932177,28.865365,4130.69,2897.22,5649.68,,2.617,1.6487,1.5042,1.6749,1022.4213,0.05,0.497,13,M3,,,
641215400027102,307.856473,28.541805,2692.43,905.55,3505.16,,2.617,1.0476,0.7851,1.1253,1022.4493,,0.869,14,M4,,,
641216300011105,304.746691,28.787326,238.77,235.63,242.24,0.0,2.617,0.0,0.0,0.0,1022.4238,0.063,0.302,10,M4,,,
642202400017774,316.990094,22.574451,169.73,167.62,171.99,0.0,2.617,0.0,0.0,0.0,802.148,,0.323,52,M3,2.00e+33,1.95e+33,2.05e+33
642203200017969,314.308097,23.58004,97.51,96.77,98.25,0.0,2.617,0.0,0.0,0.0,661.3947,0.187,0.531,67,M4,1.62e+32,1.59e+32,1.64e+32
642204200011912,312.272384,23.764691,518.49,502.76,536.16,0.0,2.617,0.1832,0.1832,0.1877,802.1424,0.147,1.601,56,M1,3.05e+34,2.87e+34,3.26e+34
642204400021199,313.211337,22.582222,3252.23,1692.22,6702.53,1.0,2.617,0.4187,0.4187,0.4187,661.4039,0.251,1.326,36,M3,,,
642205400029122,318.882909,24.449528,860.74,811.04,920.3,0.0,2.617,0.314,0.314,0.314,802.0953,,0.265,24,M1,3.30e+33,2.93e+33,3.77e+33
642207100018270,315.103423,25.519354,104.56,97.59,111.17,0.0,2.617,0.0,0.0,0.0,802.1374,0.07,0.763,16,M5,,,
642207200017178,313.961067,25.54629,270.57,252.32,290.15,0.0,2.617,0.314,0.2699,0.3273,802.1456,0.013,1.122,13,M4,,,
642215100015607,315.253493,29.470626,285.12,264.4,310.32,0.0,2.617,0.1361,0.0785,0.157,661.3657,0.049,1.973,21,M4,,,
642215100039460,314.810586,29.309939,524.24,468.44,587.0,0.0,2.617,0.2617,0.2617,0.2879,802.1598,0.036,1.094,24,M4,,,
643209100008464,326.846963,27.506306,260.44,255.16,266.25,0.0,2.617,0.0262,0.0262,0.0262,1023.4321,0.076,0.232,11,M2,3.69e+32,3.54e+32,3.85e+32
643210100006906,324.511765,27.65828,194.0,190.07,197.25,0.0,2.617,0.0664,0.0384,0.089,1023.4524,0.086,0.297,10,M4,,,
643215400018977,322.966371,28.217558,1824.41,1538.59,2166.42,,2.617,0.4187,0.4187,0.4187,1023.4414,0.054,0.403,32,M4,,,
655202200003632,55.183168,30.879134,,,,,2.271,1.6928,1.6928,1.6928,805.287,0.062,0.642,27,M6,,,
655202400001172,56.750836,30.344048,296.17,277.9,325.86,0.0,2.617,0.7066,0.7002,0.7066,787.4016,0.089,0.84,4,M5,2.50e+32,2.20e+32,3.03e+32
655203200007041,53.5403,31.104263,305.38,286.43,323.08,0.0,2.617,2.8367,1.8479,2.872,805.2937,0.116,0.933,48,M6,,,
655204400006101,52.678396,29.712853,137.42,134.64,139.86,0.0,2.617,0.0,0.0,0.0,789.3966,0.065,0.343,4,M3,3.63e+32,3.49e+32,3.76e+32
655205400008088,58.44628,31.735908,274.1,270.55,277.62,0.0,2.617,0.6019,0.6019,0.6019,805.2613,0.07,0.902,47,M2,1.52e+33,1.48e+33,1.55e+33
655207300004308,53.672217,32.041047,265.01,251.93,278.47,0.0,2.617,0.314,0.314,0.3805,788.4052,0.098,1.03,4,M4,,,
656202100002882,64.170217,31.142031,438.31,419.26,457.0,,2.617,0.698,0.6804,0.7066,789.394,0.123,0.408,6,M1,8.18e+32,7.49e+32,8.90e+32
656203300001242,61.460089,30.359649,392.16,360.19,421.23,0.0,2.617,1.04,1.0206,1.0468,788.3992,0.179,2.161,9,M3,1.83e+33,1.54e+33,2.11e+33
656209300009773,65.859373,33.818797,50.68,50.57,50.79,0.0,2.617,0.0,0.0,0.0,787.407,0.142,0.364,5,M5,2.02e+32,2.01e+32,2.03e+32
656215100012813,62.16322,36.449879,256.51,240.26,271.13,0.0,2.617,0.257,0.2082,0.3488,789.3968,0.089,1.712,7,M4,1.35e+33,1.18e+33,1.51e+33
659205400002336,90.122667,32.244674,1154.01,984.55,1346.38,0.0,2.617,1.583,0.9089,1.8057,849.2234,0.066,0.416,10,M1,5.74e+32,4.18e+32,7.81e+32
659207100010098,85.358843,32.806144,4838.96,2630.78,7096.99,1.0,2.617,1.8319,1.387,1.8876,849.2232,0.104,1.555,42,M4,,,
659207400038576,85.622229,31.885035,2063.04,1335.81,3374.04,1.0,2.617,1.4917,1.0214,1.8581,849.2341,0.127,0.515,17,M2,,,
659208200038780,82.276542,32.925806,1361.15,858.95,2154.63,1.0,2.617,0.6804,0.4972,0.8374,849.2509,0.103,1.44,19,M4,,,
659212200035731,82.048298,34.359952,1913.26,816.4,2901.6,1.0,2.617,0.8849,0.7066,2.0674,849.2387,0.25,1.41,39,M4,,,
659216100009906,83.399587,36.618373,3205.53,2199.78,4410.84,1.0,2.617,2.2045,2.0151,2.6693,849.2136,0.265,0.523,49,M3,,,
660201400008828,97.931279,30.033923,360.49,334.8,389.94,0.0,2.617,0.157,0.157,0.157,790.3995,0.049,0.718,14,M3,8.90e+31,7.68e+31,1.04e+32
660202100026064,95.815097,30.6401,219.43,211.42,227.15,0.0,2.617,0.0523,0.0523,0.0523,790.41,0.052,0.374,18,M3,9.41e+31,8.73e+31,1.01e+32
660203200005041,92.552243,30.968041,,,,,2.271,2.2391,2.2391,2.2391,790.3948,0.073,0.945,21,M4,,,
660203300018534,92.956925,29.706285,271.03,264.96,277.62,0.0,2.617,0.0,0.0,0.0,790.4342,0.166,0.339,34,M2,1.52e+33,1.45e+33,1.59e+33
660205100038417,97.987139,32.758972,816.88,611.66,1090.44,0.0,2.617,0.3402,0.2999,0.3402,790.3914,0.118,1.645,38,M4,,,
660208200024250,90.468937,33.023847,205.08,202.4,207.48,0.0,2.617,0.0,0.0,0.0,790.4398,0.059,0.648,27,M3,1.63e+32,1.59e+32,1.67e+32
660212300013393,90.486744,33.679826,257.73,244.14,275.24,0.0,2.617,0.0262,0.0,0.0831,836.2685,0.149,1.505,15,M4,,,
660212400016797,91.66876,33.607275,402.0,359.65,482.13,0.0,2.617,0.1614,0.1308,0.2954,790.4103,0.147,1.416,53,M4,,,
660215300006422,91.97403,35.887728,134.55,132.06,136.92,0.0,2.617,0.0,0.0,0.0,836.3682,0.107,1.681,12,M4,,,
660215300016589,91.963794,35.407222,1065.5,833.09,1467.0,1.0,2.617,0.7066,0.6019,0.7589,790.4313,0.17,0.525,28,M1,1.33e+33,8.11e+32,2.51e+33
661201100010520,105.301427,30.551072,156.95,153.15,161.0,0.0,2.617,0.0,0.0,0.0,800.5159,0.035,0.968,33,M4,1.15e+32,1.09e+32,1.21e+32
661204300010583,97.989109,29.997988,278.39,275.01,283.43,0.0,2.617,0.1702,0.1314,0.1883,800.4686,0.035,0.269,19,M1,7.65e+32,7.46e+32,7.93e+32
661205100024401,106.17958,32.830539,1434.67,825.54,2157.45,1.0,2.617,0.1832,0.157,0.1832,800.5047,0.05,2.002,37,M3,,,
661205300015082,104.35044,32.001072,157.68,156.6,158.89,0.0,2.617,0.0,0.0,0.0,800.4409,,0.26,25,M2,1.70e+32,1.70e+32,1.70e+32
661212200006347,97.957073,34.774644,470.85,446.19,505.05,0.0,2.617,0.181,0.157,0.2094,800.4484,0.226,0.602,57,M2,2.38e+33,2.14e+33,2.74e+33
661216300026313,98.053195,35.750002,298.58,293.37,303.43,0.0,2.617,0.314,0.314,0.314,800.5014,0.063,0.393,39,M2,,,
662203400001142,108.957767,30.352339,212.56,209.46,215.13,0.0,2.617,0.013,0.0,0.0262,838.3248,0.069,0.374,5,,,,
662203400016017,109.548121,30.012958,217.5,212.1,225.13,0.0,2.617,0.0,0.0,0.0,853.3787,0.089,0.7,8,M4,,,
662209100008362,113.390337,34.898032,231.84,227.96,235.85,0.0,2.617,0.0,0.0,0.0,794.4027,0.037,0.266,12,M2,1.89e+32,1.83e+32,1.95e+32
662211100010295,109.456179,34.386649,123.54,121.09,126.5,0.0,2.617,0.0,0.0,0.0,837.3631,0.104,0.794,3,M5,7.98e+32,7.67e+32,8.37e+32
662213300012562,112.324935,35.745118,295.37,279.77,320.18,0.0,2.617,0.0262,0.0262,0.0262,794.3437,0.023,1.857,25,M3,6.43e+32,5.77e+32,7.55e+32
662214300006940,110.513089,35.598628,367.6,359.93,374.12,0.0,2.617,0.0523,0.0523,0.0523,837.3952,0.324,0.695,10,M1,,,
663203100008387,116.770461,31.227316,236.74,227.51,246.92,0.0,2.617,0.0,0.0,0.0,849.274,0.216,0.628,9,M4,1.15e+32,1.07e+32,1.26e+32
663207200008039,115.718057,32.45982,176.48,174.7,178.02,0.0,2.617,0.0,0.0,0.0,511.2803,0.156,0.847,14,M4,,,
663212200000702,113.64275,35.056383,736.54,635.85,836.07,0.0,2.617,0.157,0.1308,0.157,849.3112,0.362,0.508,5,M3,2.11e+34,1.57e+34,2.71e+34
663212300012503,114.253479,33.833043,592.76,482.29,779.68,1.0,2.617,0.1308,0.1047,0.1308,511.2784,0.1,1.78,10,M3,,,
665209200010725,136.553908,34.617967,190.36,186.08,194.7,0.0,2.617,0.0,0.0,0.0,522.3227,0.27,0.488,8,M3,4.12e+32,3.94e+32,4.31e+32
665210100001304,135.279203,34.974467,667.52,510.86,1001.38,1.0,2.617,0.0262,0.0262,0.0262,522.3898,0.079,3.449,5,M4,,,
666202100002401,142.925948,30.967932,239.72,232.81,245.88,0.0,2.617,0.0,0.0,0.0,523.3712,0.058,0.409,4,M3,1.23e+32,1.16e+32,1.29e+32
666206200002452,141.283197,32.942063,272.67,260.84,283.97,0.0,2.617,0.0262,0.0262,0.0262,526.2857,0.371,0.393,7,M4,,,
666213200001837,143.947573,36.781679,415.5,371.64,473.62,0.0,2.617,0.0,0.0,0.0,524.315,0.119,0.364,3,M4,,,
683202100026093,276.332549,30.91161,124.17,122.67,125.69,0.0,2.617,0.0,0.0,0.0,322.3433,,0.656,24,M4,2.23e+32,2.18e+32,2.29e+32
683203200009943,273.406281,30.910647,118.26,117.89,118.67,0.0,2.617,0.0,0.0,0.0,323.3168,0.067,0.497,54,M2,3.03e+32,3.01e+32,3.05e+32
683203400007213,274.462174,30.165166,431.86,410.53,452.87,0.0,2.617,0.2094,0.1728,0.2156,323.3096,0.023,0.583,13,M2,3.05e+32,2.76e+32,3.36e+32
683204100001363,271.999123,31.267272,213.94,212.67,215.79,0.0,2.617,0.0372,0.0318,0.0473,323.3319,0.036,0.266,10,M2,4.63e+32,4.58e+32,4.71e+32
683204100014284,271.532958,30.634899,318.74,315.46,324.8,0.0,2.617,0.1308,0.1308,0.1308,322.3078,0.093,0.263,44,M1,,,
683205100016330,278.466867,32.603588,72.18,72.0,72.4,0.0,2.617,0.0,0.0,0.0,322.3475,0.025,0.821,24,M5,,,
683206200006261,274.995122,32.991206,294.52,291.65,297.52,0.0,2.617,0.0262,0.0262,0.0262,323.3092,0.031,0.223,15,M2,6.91e+32,6.78e+32,7.05e+32
683207300020402,273.10097,32.158522,2032.51,1034.53,3568.79,1.0,2.617,0.1308,0.1308,0.1308,323.3291,0.058,1.96,22,M3,,,
683208400007472,272.025844,31.995148,93.93,93.7,94.25,0.0,2.617,0.0,0.0,0.0,322.3309,0.153,0.446,47,M3,3.29e+32,3.27e+32,3.31e+32
683209300019284,277.409971,33.487736,2061.17,1319.05,3718.53,1.0,2.617,0.2355,0.2355,0.2355,322.3478,0.08,1.576,27,M3,,,
683210200009996,275.554559,34.717556,539.57,504.58,582.72,0.0,2.617,0.1308,0.1308,0.1308,322.3132,,0.5,18,M2,6.79e+32,5.94e+32,7.92e+32
683211300021494,272.726056,33.999754,327.4,309.81,347.88,0.0,2.617,0.0523,0.043,0.0523,322.3035,0.044,0.37,13,M4,,,
683213300011615,278.11227,35.612121,4147.61,2264.45,8651.68,1.0,2.617,0.1832,0.1832,0.1832,322.3151,0.136,1.784,62,M4,,,
683214300005990,275.809259,35.921936,949.83,876.2,1064.59,0.0,2.617,0.1308,0.1308,0.1308,322.3362,0.183,0.7,44,M2,6.55e+33,5.58e+33,8.23e+33
683214300016753,275.429732,35.452078,372.84,361.87,386.54,0.0,2.617,0.0262,0.0262,0.0262,323.3116,0.043,0.427,10,M4,,,
683214400030262,276.810933,35.372607,2477.21,1523.97,3626.0,1.0,2.617,0.1832,0.1832,0.1832,323.3055,0.087,1.202,18,M2,,,
683216100018368,271.682533,36.517259,476.13,450.18,504.66,0.0,2.617,0.0814,0.0785,0.1047,323.3052,0.224,0.609,58,M3,8.22e+33,7.35e+33,9.23e+33
683216300000671,270.668967,36.131993,156.0,155.16,156.91,0.0,2.617,0.0,0.0,0.0,323.3244,0.054,0.256,18,M3,1.06e+32,1.05e+32,1.08e+32
684202100019794,284.14453,30.815275,324.05,314.89,334.62,0.0,2.617,0.1308,0.1308,0.1556,300.2583,0.062,0.416,23,M3,2.00e+32,1.89e+32,2.13e+32
684203100007620,281.835945,31.131966,1367.81,1083.4,1823.84,1.0,2.617,0.2617,0.1821,0.2879,299.2911,0.153,0.829,16,M2,,,
684204200021461,278.610393,30.474108,789.08,622.57,1065.69,1.0,2.617,0.157,0.1308,0.3402,300.2595,0.069,1.963,29,M4,,,
684204400020695,279.939558,29.713643,671.53,622.04,719.57,0.0,2.617,0.2879,0.2423,0.3318,300.2853,,0.919,28,M2,1.92e+34,1.65e+34,2.20e+34
684205300031359,285.464269,31.567045,393.85,385.12,403.03,0.0,2.617,0.157,0.157,0.1682,300.272,0.074,0.188,28,M2,7.34e+32,7.02e+32,7.69e+32
684205400026641,286.724041,31.670731,452.14,434.38,472.23,0.0,2.617,0.0,0.0,0.0,300.2605,0.055,0.406,47,M2,1.01e+33,9.36e+32,1.11e+33
684206100023594,283.722673,32.550876,196.73,194.38,198.84,0.0,2.617,0.0262,0.0262,0.0262,300.2649,0.088,0.233,12,M3,3.24e+32,3.16e+32,3.31e+32
684206300005885,283.112922,32.231265,,,,,2.271,0.2795,0.2795,0.2795,300.2713,0.06,0.739,35,M4,,,
684207400007996,281.9272,32.158221,275.35,268.63,281.85,0.0,2.617,0.0,0.0,0.0,299.2567,0.278,0.586,96,M3,3.82e+33,3.64e+33,4.00e+33
684208400014368,279.659294,31.846806,377.52,349.94,421.88,0.0,2.617,0.1308,0.1047,0.157,300.2404,0.192,0.888,31,M4,,,
684209200027650,284.963908,34.380589,179.1,177.24,181.14,0.0,2.617,0.0294,0.0262,0.0346,299.2578,0.015,0.879,40,M3,3.38e+32,3.31e+32,3.46e+32
684210300018752,283.221191,33.761651,286.94,282.82,290.77,0.0,2.617,0.0,0.0,0.0,300.2933,,0.561,9,M3,,,
684212400008004,279.70241,33.989273,276.53,268.44,283.36,0.0,2.617,0.0699,0.0564,0.0785,300.2698,0.059,0.785,23,M3,1.93e+32,1.81e+32,2.02e+32
684213400025111,286.487072,35.418405,846.4,743.98,989.05,0.0,2.617,0.2094,0.1832,0.2094,300.2878,0.12,0.524,17,M1,3.54e+33,2.73e+33,4.83e+33
684214200001043,282.878777,37.049687,353.22,343.37,361.69,0.0,2.617,0.2094,0.2094,0.2094,299.2489,0.012,0.457,13,M4,,,
684214400032951,284.406845,35.614927,280.32,273.58,287.86,0.0,2.617,0.0785,0.0785,0.0785,300.2475,0.062,0.957,29,M3,2.45e+32,2.33e+32,2.58e+32
685202100088304,292.429718,30.677296,400.78,371.05,427.43,0.0,2.617,0.157,0.1192,0.157,345.2186,0.165,0.716,15,M4,8.02e+32,6.87e+32,9.12e+32
685202200050454,291.387443,31.258831,780.21,692.23,928.85,0.0,2.617,0.3664,0.3402,0.3664,346.2078,0.055,0.476,3,M2,6.55e+32,5.16e+32,9.29e+32
685202300029508,290.819506,30.018576,277.06,258.28,302.77,0.0,2.617,0.0262,0.0262,0.0454,345.1984,0.027,0.919,8,M4,,,
685202300103133,290.582253,29.818715,127.39,125.67,129.62,0.0,2.617,0.0,0.0,0.0,346.2828,,0.333,8,M4,,,
685202400037573,292.141726,29.871932,1077.36,875.96,1358.66,0.0,2.617,0.3217,0.28,0.3664,346.2341,0.057,1.041,8,M3,4.64e+33,3.07e+33,7.38e+33
685203200021064,288.533956,30.912006,281.94,272.81,293.76,,2.617,0.1313,0.1308,0.1874,709.3167,0.402,1.257,8,M4,,,
685203200051354,288.335602,30.799803,1690.77,1222.39,3126.29,1.0,2.617,0.5234,0.4053,0.5234,345.2746,0.267,0.638,18,M3,,,
685205400084746,293.985984,32.306142,370.72,340.71,403.76,0.0,2.617,0.0399,0.0262,0.0785,346.1926,,1.571,21,M4,,,
685205400125354,294.2283,31.70304,704.76,611.62,817.58,0.0,2.617,0.1832,0.169,0.2094,346.2251,0.132,1.304,29,M3,,,
685206400015650,292.05419,32.094329,499.75,480.21,527.3,0.0,2.617,0.1308,0.1308,0.1308,345.2699,0.155,0.657,25,M2,1.19e+33,1.10e+33,1.33e+33
685207100016251,289.816897,32.937642,438.48,410.45,459.95,0.0,2.617,0.2271,0.2094,0.2355,346.2109,0.273,0.482,16,M2,6.69e+32,5.86e+32,7.36e+32
685207100028904,289.951815,32.688226,343.95,328.99,361.92,0.0,2.617,0.1691,0.157,0.2102,346.2249,0.09,0.687,24,M4,,,
685207200018143,288.71823,32.875925,688.49,577.69,836.57,1.0,2.617,0.2355,0.1832,0.2879,345.3154,,1.151,13,M4,,,
685207300080024,288.690599,31.562042,804.11,700.38,918.15,0.0,2.617,0.4187,0.3925,0.4187,345.2498,0.073,0.991,9,M2,3.57e+33,2.71e+33,4.65e+33
685207400010614,289.655251,32.186431,706.83,619.35,816.69,0.0,2.617,0.3402,0.314,0.3402,346.1946,0.058,1.245,19,M4,,,
685209400055139,294.429567,34.082095,4173.13,2643.94,6618.64,,2.617,0.3925,0.2879,0.4711,345.2562,0.156,0.511,11,M4,,,
685210100076308,292.345725,34.597149,953.16,860.01,1067.12,0.0,2.617,0.1919,0.1832,0.2094,346.2485,0.183,1.078,11,M1,2.00e+34,1.63e+34,2.51e+34
685210400021672,292.141919,33.867015,178.37,175.86,180.93,0.0,2.617,0.0262,0.0262,0.0262,345.2079,0.047,0.605,30,M4,1.93e+32,1.88e+32,1.99e+32
685211100049940,289.467132,34.900106,1025.65,839.74,1316.61,1.0,2.617,0.2209,0.1823,0.2617,345.3031,0.053,0.933,6,M4,,,
685211300052550,289.166295,34.286647,292.87,269.71,321.04,0.0,2.617,0.0523,0.0262,0.0592,345.2765,0.044,3.067,29,M5,,,
685211400057775,289.303698,34.031692,499.18,445.18,568.7,0.0,2.617,0.157,0.157,0.157,345.2835,0.139,0.801,10,M3,,,
685211400068819,289.576189,33.690777,514.76,498.96,534.61,0.0,2.617,0.2215,0.1832,0.2355,345.2142,0.143,0.182,10,M2,,,
685212300012471,286.15027,33.930291,352.92,344.8,360.46,0.0,2.617,0.0262,0.0262,0.0262,345.2221,0.05,0.487,9,M3,5.71e+32,5.45e+32,5.95e+32
685213300008714,293.294757,36.021998,589.92,540.01,652.62,0.0,2.617,0.1308,0.1308,0.1462,345.2228,0.166,1.125,20,M4,4.62e+33,3.87e+33,5.65e+33
685214100016506,292.617028,36.708895,194.47,184.61,204.57,0.0,2.617,0.0,0.0,0.0114,346.1942,0.138,1.509,23,M5,,,
685215100012345,289.891396,36.797807,157.66,156.98,158.21,0.0,2.617,0.0,0.0,0.0,345.2172,0.034,0.531,42,M2,8.93e+32,8.86e+32,9.00e+32
686201100011334,302.1749,31.00889,359.92,343.91,377.92,0.0,2.617,0.0785,0.0785,0.0785,346.2545,0.074,0.615,5,M4,,,
686201200029320,301.285041,30.825312,2867.03,1554.66,5363.93,1.0,2.617,2.2061,1.0904,3.3236,345.2781,0.225,1.061,17,M3,,,
686201200077354,301.147292,30.559833,359.0,338.43,384.08,0.0,2.617,0.2147,0.1879,0.2355,346.2364,0.089,0.751,4,M4,1.81e+32,1.61e+32,2.07e+32
686202100167639,299.648377,30.732384,433.79,420.97,444.41,0.0,2.617,0.2879,0.2871,0.2879,345.2029,0.278,0.503,22,M2,1.75e+33,1.65e+33,1.84e+33
686202300042864,298.724722,29.702076,595.66,555.12,651.69,0.0,2.617,0.3664,0.3082,0.5119,345.2549,0.094,1.64,52,M2,8.26e+33,7.17e+33,9.88e+33
686203400026482,297.736912,30.030061,229.05,201.65,254.82,0.0,2.617,0.0262,0.0,0.0262,346.2834,0.042,1.521,6,M4,,,
686205400006196,301.973512,32.213833,518.23,465.13,582.47,0.0,2.617,0.3925,0.3508,0.3925,345.209,0.169,0.898,15,M4,1.06e+33,8.56e+32,1.34e+33
686207100077012,297.718512,32.695567,675.18,621.38,734.66,0.0,2.617,0.4449,0.4187,0.4449,346.1975,0.063,0.742,15,M1,2.98e+33,2.52e+33,3.52e+33
686207200149784,296.663121,32.488402,402.56,376.73,430.47,0.0,2.617,0.0312,0.0262,0.0523,345.2248,0.107,0.738,8,M4,3.63e+32,3.18e+32,4.15e+32
686207300026021,296.709938,31.915809,351.77,342.33,359.83,0.0,2.617,0.0746,0.0622,0.0849,346.2178,0.267,0.67,24,M4,,,
686207400074006,297.601177,31.892158,525.2,476.73,580.79,0.0,2.617,0.3664,0.3664,0.3925,345.2659,0.114,1.733,30,M3,3.75e+33,3.09e+33,4.58e+33
686208100013441,295.441605,33.007913,841.15,761.63,911.34,0.0,2.617,0.2094,0.2094,0.2355,345.2366,0.244,0.422,13,M2,7.58e+33,6.22e+33,8.90e+33
686209200068646,301.496688,34.380921,385.1,358.43,416.06,0.0,2.617,0.2094,0.157,0.2094,346.2164,0.326,0.598,14,M4,,,
686210200024703,298.692116,34.731108,566.8,538.67,601.0,0.0,2.617,0.1083,0.1047,0.1349,345.214,0.282,0.48,33,M1,5.63e+33,5.08e+33,6.33e+33
686211400071942,297.392109,33.819871,343.92,334.65,353.7,0.0,2.617,0.1832,0.1819,0.1832,345.2461,0.07,1.248,33,M2,5.32e+33,5.04e+33,5.63e+33
686213300037469,301.67879,35.47965,303.43,296.12,310.83,0.0,2.617,0.1121,0.1047,0.1308,345.1925,,0.748,13,M4,,,
686213400019304,301.946066,35.830834,500.87,469.76,542.26,0.0,2.617,0.4449,0.4449,0.4807,345.2443,0.247,0.712,21,M3,1.90e+33,1.67e+33,2.23e+33
686213400057035,302.00484,35.8542,625.14,601.1,644.76,0.0,2.617,0.5715,0.5537,0.5757,346.2198,0.108,0.741,18,M2,,,
686214400050139,299.975328,36.121709,630.22,563.72,750.73,0.0,2.617,0.3381,0.2879,0.3664,345.2174,0.137,0.73,11,M3,,,
686214400056813,300.179083,35.959414,505.74,452.0,643.55,0.0,2.617,0.3223,0.314,0.4277,345.2037,0.037,1.268,19,M4,,,
687205100024381,309.798844,32.640383,487.51,466.61,508.4,0.0,2.617,0.1832,0.1832,0.1832,658.3551,0.075,0.891,27,M1,3.96e+33,3.63e+33,4.31e+33
687205300023737,308.595551,31.906344,849.76,761.27,935.34,0.0,2.617,0.7613,0.5838,1.1768,658.3533,0.1,0.768,27,M2,1.51e+33,1.21e+33,1.83e+33
687205300064307,308.484049,32.277885,360.5,325.91,402.13,0.0,2.617,0.1047,0.0661,0.1138,658.3302,0.102,1.76,43,M4,,,
687206100055039,307.324411,32.958915,515.45,455.55,582.7,0.0,2.617,0.2483,0.1832,0.314,658.371,0.01,1.191,12,M3,,,
687207100049742,305.814254,33.131465,2966.1,1608.31,4741.03,1.0,2.617,3.0095,2.4538,3.1927,658.3663,0.049,3.355,36,,,,
687211100011273,305.948654,34.934491,119.64,118.61,120.59,0.0,2.617,0.0,0.0,0.0,658.3649,0.024,0.611,24,M4,3.82e+31,3.76e+31,3.88e+31
687212300011076,302.335001,34.038975,748.95,672.29,877.78,0.0,2.617,0.7316,0.6804,0.7851,658.3516,0.185,0.855,62,M2,4.76e+33,3.84e+33,6.54e+33
687213100054078,310.26611,36.576739,224.62,214.46,236.58,0.0,2.617,0.0,0.0,0.0,658.36,0.183,0.94,26,M4,,,
687216100092178,303.445967,36.861158,310.58,290.84,331.44,0.0,2.617,0.1047,0.0809,0.1047,658.3548,0.096,2.667,55,M5,1.18e+33,1.03e+33,1.34e+33
687216300076252,302.009564,35.985462,6497.69,3832.13,10834.98,1.0,2.617,3.4898,1.9366,5.8882,658.3584,0.111,1.185,21,M4,,,
688202400046339,315.453027,29.639669,316.79,306.5,329.11,0.0,2.617,0.0523,0.0523,0.0523,450.1124,0.089,0.936,32,M3,6.96e+32,6.52e+32,7.52e+32
688204200035672,310.1643,30.600597,342.91,337.7,347.4,0.0,2.617,0.1939,0.1869,0.1998,450.1435,0.072,0.458,13,M0,3.99e+33,3.87e+33,4.09e+33
688205200009755,317.00875,33.007668,220.2,217.46,222.77,0.0,2.617,0.0,0.0,0.0,449.1515,0.142,0.457,18,M3,1.11e+33,1.08e+33,1.13e+33
688206200013393,314.743068,33.017653,816.44,731.52,938.34,0.0,2.617,0.3265,0.2504,0.3898,450.1277,0.082,0.732,10,M1,1.89e+33,1.51e+33,2.49e+33
688207200012264,312.307426,33.047613,271.18,256.07,287.84,0.0,2.617,0.0,0.0,0.0,449.105,0.217,1.39,25,M4,,,
688212100080838,310.81644,34.576278,325.15,320.32,329.36,0.0,2.617,0.0523,0.0523,0.0523,450.1429,0.105,0.449,23,M0,5.90e+33,5.72e+33,6.05e+33
688213400023982,317.822846,35.647289,1204.95,828.51,1624.87,1.0,2.617,0.2094,0.157,0.2355,449.0775,0.185,2.713,61,M4,,,
688213400031294,317.367735,35.509634,273.55,270.47,276.2,0.0,2.617,0.0,0.0,0.0,449.0962,0.175,0.425,31,M2,,,
688215200042465,311.847472,36.365106,392.21,379.78,405.12,0.0,2.617,0.2094,0.2094,0.2094,450.1464,0.094,0.569,11,M2,7.03e+32,6.59e+32,7.50e+32
689203300032034,320.116561,29.720963,188.1,177.73,201.29,0.0,2.617,0.0,0.0,0.0,450.1159,0.067,0.337,21,M4,,,
689208100001212,318.349964,33.173376,265.64,256.43,273.88,0.0,2.617,0.0,0.0,0.0131,450.1146,0.177,0.581,14,M3,8.38e+32,7.81e+32,8.91e+32
689208100003200,318.979026,33.136976,426.98,398.02,461.3,0.0,2.617,0.1217,0.1047,0.1832,449.1056,0.03,1.436,20,M3,1.23e+33,1.07e+33,1.44e+33
689209100018562,325.50283,34.447931,476.64,459.14,498.27,0.0,2.617,0.4187,0.405,0.4187,449.1197,0.166,0.446,21,M2,2.22e+33,2.06e+33,2.42e+33
690210100033851,331.001146,34.363503,1434.37,1044.18,2111.1,,2.617,0.3925,0.3664,0.3925,660.365,0.108,3.163,45,,,,
700203300012786,52.794375,36.824955,793.92,710.3,903.24,0.0,2.617,0.9421,0.9421,0.9683,793.3349,0.073,0.478,12,M1,5.16e+32,4.13e+32,6.68e+32
700209200017775,57.320215,41.588549,167.87,165.82,169.96,0.0,2.617,0.0,0.0,0.0,793.3029,,0.434,74,M3,,,
700211100013731,54.217303,41.787741,871.64,762.48,1036.72,0.0,2.617,0.2617,0.2617,0.2879,793.3279,0.099,0.478,19,M2,3.45e+33,2.64e+33,4.88e+33
700213100010629,59.009174,43.751399,255.33,249.39,262.21,0.0,2.617,0.0859,0.0785,0.098,793.3118,0.206,0.805,71,M4,,,
700213300014815,58.141034,42.726171,210.08,207.6,212.96,0.0,2.617,0.0,0.0,0.0,793.3018,0.067,0.406,73,M0,8.81e+32,8.60e+32,9.05e+32
701207300004669,61.223188,39.318365,313.77,294.96,332.73,0.0,2.617,1.1147,1.0413,1.1947,792.2732,0.01,0.665,17,M2,4.87e+31,4.30e+31,5.47e+31
701216400017945,59.761436,42.679598,394.96,363.88,426.47,0.0,2.617,0.4936,0.4711,0.4972,792.3534,0.769,1.948,18,M3,1.97e+33,1.67e+33,2.30e+33
704203200014045,87.593521,37.807797,135.16,132.07,138.88,0.0,2.617,0.0262,0.0,0.0262,812.4038,0.029,0.969,9,M5,8.47e+31,8.09e+31,8.95e+31
704211100015343,88.559951,41.779762,337.88,293.68,390.34,0.0,2.617,0.3402,0.3402,0.3402,812.3949,0.157,3.536,46,M4,,,
704212400011400,85.317938,41.053791,232.94,220.01,243.9,0.0,2.617,0.3294,0.115,0.4315,812.3816,0.016,1.144,23,M5,2.84e+31,2.53e+31,3.11e+31
704213300011704,91.780491,42.625889,292.0,279.3,306.08,0.0,2.617,0.4449,0.4449,0.4449,812.3791,0.16,1.237,75,M3,3.70e+33,3.39e+33,4.07e+33
706201300003707,109.007223,37.356984,,,,,2.271,0.183,0.183,0.183,838.3104,0.103,0.67,8,M4,,,
706202200015147,106.993391,38.053109,1302.58,910.67,1995.33,1.0,2.617,0.1308,0.1308,0.1308,846.3157,0.231,0.684,7,M1,,,
706204300005974,101.795171,37.130203,239.76,229.25,251.96,0.0,2.617,0.162,0.0802,0.1901,793.4265,0.037,0.606,10,M3,1.80e+32,1.65e+32,1.99e+32
706205400009578,110.369773,39.442463,238.44,234.97,242.34,0.0,2.617,0.0598,0.0482,0.0819,793.4035,0.045,0.394,68,M2,1.32e+33,1.28e+33,1.36e+33
706206300007896,106.573467,38.909209,264.04,259.5,268.96,0.0,2.617,0.2355,0.2355,0.2355,849.2687,0.053,0.237,10,M1,6.46e+32,6.24e+32,6.71e+32
706210400016042,107.795947,40.914883,402.54,380.74,425.62,0.0,2.617,0.157,0.1367,0.157,853.3163,0.101,0.335,4,M2,6.26e+32,5.60e+32,7.00e+32
706211200006168,104.507401,41.906548,202.54,199.75,205.41,0.0,2.617,0.1308,0.1308,0.1308,846.3909,0.059,0.451,7,M2,1.53e+33,1.49e+33,1.57e+33
706212100007883,102.821759,41.74192,227.05,204.81,247.56,0.0,2.617,0.2617,0.1474,0.2617,793.3862,0.088,1.302,40,M4,,,
706215400002687,104.855112,43.189474,229.49,226.56,232.14,0.0,2.617,0.2617,0.2617,0.2617,793.4026,0.036,0.796,48,M2,1.31e+33,1.28e+33,1.35e+33
707201400001990,118.684041,37.430142,472.03,443.82,514.27,0.0,2.617,0.1047,0.1047,0.1047,849.3943,0.081,1.749,15,M3,2.47e+34,2.18e+34,2.93e+34
707201400006818,118.701415,36.965726,226.59,220.69,234.7,0.0,2.617,0.1625,0.157,0.1785,853.3103,0.161,0.634,13,M4,,,
707205200000915,118.125944,40.321018,698.96,589.67,829.21,0.0,2.617,0.1308,0.1308,0.1308,801.3624,0.165,1.738,74,M3,9.61e+33,6.84e+33,1.35e+34
707205400001691,118.505356,39.349036,164.78,163.54,165.91,0.0,2.617,0.0,0.0,0.0,801.3851,0.078,1.254,78,M3,2.79e+33,2.75e+33,2.83e+33
707207400004896,113.642982,39.080037,187.89,184.7,190.73,0.0,2.617,0.0,0.0,0.0,837.3684,0.495,0.423,14,M3,9.93e+32,9.60e+32,1.02e+33
707208200019581,111.016008,40.372925,159.78,159.24,160.39,0.0,2.617,0.0,0.0,0.0,511.2325,0.177,1.089,10,M0,2.50e+34,2.48e+34,2.52e+34
707208400006858,111.712104,38.999455,357.56,340.35,373.79,0.0,2.617,0.1308,0.1308,0.1308,846.3556,0.283,1.464,18,M2,4.03e+34,3.65e+34,4.41e+34
707210300001428,115.83943,41.357868,2257.56,1587.05,3284.28,1.0,2.617,0.0523,0.0523,0.0523,846.3125,0.163,1.089,6,M3,,,
707210400003044,116.228317,41.183653,388.88,372.53,410.18,0.0,2.617,0.0785,0.0785,0.0921,849.4051,0.199,0.859,12,M1,5.54e+33,5.08e+33,6.16e+33
707210400006528,116.689589,40.821655,149.01,147.66,150.68,0.0,2.617,0.0,0.0,0.0,511.3552,0.051,0.503,7,M3,3.63e+32,3.56e+32,3.71e+32
707211100003332,113.671391,42.025071,415.41,376.43,466.89,0.0,2.617,0.1308,0.1308,0.1308,514.2194,0.057,2.103,5,M4,,,
707214400019358,116.126832,43.268987,137.13,132.0,142.81,0.0,2.617,0.0,0.0,0.0,511.301,0.101,3.301,13,M6,,,
725201200023634,272.323973,37.676816,692.79,602.63,838.96,0.0,2.617,0.1308,0.1308,0.157,1045.4057,0.057,1.283,14,M4,,,
725202400006246,271.604437,37.282986,215.26,213.14,217.57,0.0,2.617,0.0,0.0,0.0,1045.386,0.041,0.358,78,M3,2.28e+32,2.24e+32,2.33e+32
725214200002306,270.309408,44.072128,271.2,268.35,274.28,0.0,2.617,0.1308,0.1308,0.1308,1045.3889,,0.193,66,M1,9.17e+32,8.98e+32,9.38e+32
725216100005876,266.592585,43.716701,292.12,287.1,297.31,0.0,2.617,0.121,0.1131,0.129,1045.4066,0.024,1.048,22,M3,6.02e+32,5.81e+32,6.23e+32
726201400039899,282.814121,37.092675,385.23,365.52,404.59,0.0,2.617,0.2094,0.2094,0.2094,325.3387,0.055,1.219,24,M4,1.06e+33,9.56e+32,1.17e+33
726209400028833,282.551394,40.852391,162.36,159.99,164.74,0.0,2.617,0.0,0.0,0.0,324.3501,0.127,1.911,58,M3,1.50e+33,1.45e+33,1.54e+33
726210300013487,278.678719,40.849753,585.62,551.52,626.7,0.0,2.617,0.1832,0.1744,0.1832,324.3701,,1.143,18,M2,1.94e+33,1.72e+33,2.22e+33
726212200008100,274.672471,41.800423,545.34,529.52,558.76,0.0,2.617,0.0785,0.0762,0.0785,325.3364,0.248,0.433,53,M0,6.09e+33,5.74e+33,6.39e+33
726215100028905,278.027192,43.929097,340.68,330.96,350.87,0.0,2.617,0.0416,0.0207,0.0684,324.3685,0.111,0.5,13,M2,1.65e+33,1.55e+33,1.75e+33
727203200016070,284.833334,38.06975,639.68,563.29,777.65,0.0,2.617,0.2094,0.2094,0.2355,297.3667,0.127,1.296,27,M3,,,
727204400038723,283.994783,37.466751,355.48,347.96,365.65,0.0,2.617,0.054,0.0523,0.0797,297.402,0.076,0.498,14,M3,4.79e+32,4.59e+32,5.07e+32
727205300027224,289.592659,38.868615,581.57,523.48,647.9,0.0,2.617,0.1308,0.1245,0.157,297.3711,0.043,1.075,28,M4,,,
727205400029236,291.11693,38.804757,363.3,353.71,376.71,0.0,2.617,0.1308,0.1308,0.1319,297.3871,0.076,0.453,26,M3,7.87e+32,7.46e+32,8.46e+32
727207200026876,284.992686,39.615727,353.63,344.84,363.91,0.0,2.617,0.2094,0.2094,0.2094,705.2702,,1.429,3,M2,,,
727209100000318,291.182479,42.289886,674.81,624.89,737.52,0.0,2.617,0.1701,0.1308,0.2094,298.4035,0.107,0.948,41,M3,2.69e+33,2.31e+33,3.22e+33
727209200002212,290.731488,42.243402,327.39,320.35,336.29,0.0,2.617,0.0785,0.0785,0.0785,297.379,0.091,1.617,72,M2,1.01e+34,9.69e+33,1.07e+34
727209300012497,289.775017,41.159024,1711.73,1544.44,1888.0,,2.617,0.3402,0.3402,0.3402,297.377,0.012,0.475,18,M4,,,
727211300004869,285.173628,41.346757,261.06,255.72,268.3,0.0,2.617,0.0,0.0,0.0,297.399,0.146,0.576,25,M4,,,
727214400010725,288.742316,43.082033,137.8,136.9,138.57,0.0,2.617,0.0,0.0,0.0,297.3921,0.04,0.546,35,M5,,,
729201400033245,307.77136,37.290766,465.13,431.11,499.84,0.0,2.617,0.3402,0.2434,0.3913,437.1743,0.07,1.357,13,M2,1.31e+33,1.13e+33,1.51e+33
729204400021059,301.339708,37.241738,2046.71,1589.85,2761.09,1.0,2.617,0.7851,0.7094,0.8804,437.2156,,0.514,5,M1,,,
730203400036793,311.81451,37.035746,417.59,391.94,451.17,0.0,2.617,0.1832,0.1761,0.2094,1024.4155,0.118,0.975,17,M4,1.48e+33,1.30e+33,1.73e+33
730205100020540,317.249114,39.978425,2088.71,1530.3,3921.23,1.0,2.617,1.1253,1.0991,1.3209,1024.4333,0.12,0.424,11,M1,,,
730212300009028,308.510044,41.001357,2219.08,1346.33,3021.65,1.0,2.617,5.6265,3.7027,5.7629,1024.4411,0.063,2.04,10,M4,,,
730212400013672,309.197623,40.934799,361.84,324.54,402.72,0.0,2.617,0.1659,0.1308,0.2617,1024.4365,0.121,0.788,16,M4,,,
731202200058576,321.827557,38.045758,1960.96,1294.34,2826.33,1.0,2.617,0.4972,0.4449,0.4972,1025.4446,,0.661,13,M2,,,
731204100031660,318.373819,37.874178,212.16,209.48,214.74,0.0,2.617,0.0,0.0,0.0,1025.4204,0.038,0.627,28,M3,4.46e+32,4.35e+32,4.57e+32
731204300028377,317.309695,37.030126,403.88,392.51,414.22,0.0,2.617,0.1832,0.1832,0.1832,1025.4205,0.049,0.297,12,M1,6.16e+32,5.81e+32,6.48e+32
731205300020348,324.327097,39.059887,410.95,403.18,418.22,0.0,2.617,0.2382,0.2209,0.2542,1025.4241,0.098,1.098,82,M1,,,
731207200007782,319.771306,40.288046,384.3,332.61,436.15,0.0,2.617,0.1148,0.1015,0.2815,1025.4259,0.058,2.194,30,M4,,,
731207400045137,321.053846,39.309837,759.55,720.44,797.33,0.0,2.617,0.4972,0.4711,0.4972,1025.399,0.189,0.464,126,M1,,,
731208100057263,318.626758,39.74357,896.28,805.77,980.63,0.0,2.617,1.0021,0.929,1.073,1025.426,0.399,0.423,55,M1,,,
731208200006285,317.380357,40.266305,421.92,406.93,438.68,0.0,2.617,0.2358,0.2193,0.2535,1025.4019,0.22,0.263,18,M1,1.31e+33,1.22e+33,1.41e+33
731208200022218,317.476118,39.988922,405.87,381.01,432.4,0.0,2.617,0.157,0.1047,0.157,1025.4492,0.07,1.358,22,M3,4.63e+32,4.08e+32,5.25e+32
731208200035998,317.517856,39.747801,793.95,614.26,1066.8,1.0,2.617,0.9679,0.3316,1.1253,1025.4127,0.148,0.975,25,M3,,,
731208300052821,317.579557,38.905505,492.44,455.61,539.47,0.0,2.617,0.3402,0.1857,0.4058,1025.4222,0.106,1.412,58,M3,1.82e+33,1.56e+33,2.18e+33
731208300064934,317.600017,39.006742,1237.18,1040.1,1583.89,0.0,2.617,0.9421,0.9338,0.9683,1025.4217,0.221,0.607,42,M1,9.05e+33,6.39e+33,1.48e+34
731208400039464,318.67826,38.77188,197.43,180.43,214.36,0.0,2.617,0.0,0.0,0.0,1025.4488,0.025,0.975,12,M5,,,
731209100002015,325.934747,42.216217,429.2,396.75,471.08,0.0,2.617,0.4711,0.4711,0.5174,1025.4558,0.033,0.945,9,M3,2.49e+32,2.13e+32,3.00e+32
731210200004987,321.602858,42.263221,198.5,195.84,200.67,0.0,2.617,0.0,0.0,0.0,1025.4131,0.04,0.392,13,M3,2.24e+32,2.18e+32,2.29e+32
731210300045786,321.736366,41.084684,558.7,541.92,573.42,0.0,2.617,0.4533,0.3701,0.4711,1025.4318,0.035,0.261,17,M1,,,
731210400047353,323.475761,40.931643,615.86,534.62,696.85,0.0,2.617,0.6171,0.533,0.6589,1025.4308,0.074,0.789,19,M4,5.20e+32,3.92e+32,6.66e+32
732201200005270,332.344357,38.290996,758.04,673.57,915.12,0.0,2.617,0.2094,0.2094,0.2475,647.4156,0.083,0.668,6,M2,1.00e+33,7.91e+32,1.46e+33
732205100024193,334.050232,39.886704,313.81,284.65,350.59,0.0,2.617,0.2094,0.2094,0.2094,647.4235,0.05,2.652,22,M4,,,
732209300025724,332.504949,40.645753,3093.47,1844.5,6527.72,1.0,2.617,0.2617,0.2355,0.2617,647.4064,0.126,1.113,18,M1,,,
732210300008382,330.637405,41.252617,659.41,631.46,696.89,0.0,2.617,0.3925,0.3925,0.3925,647.4338,0.081,0.186,10,M2,,,
732210400001760,331.606005,41.425009,543.03,474.69,618.91,0.0,2.617,0.2355,0.2355,0.3053,647.3927,,2.121,44,M5,,,
732211200034597,327.592617,42.074316,554.24,470.4,662.84,0.0,2.617,0.3664,0.3664,0.3888,647.3982,0.115,1.964,30,M4,,,
732211300013812,328.035664,41.116759,629.26,577.21,694.29,0.0,2.617,0.7066,0.7066,0.7066,647.4027,0.044,0.55,7,M3,4.71e+32,3.97e+32,5.74e+32
732211400012390,329.644556,41.161166,333.22,323.18,345.73,0.0,2.617,0.2831,0.2553,0.2879,647.4379,0.058,0.531,31,M3,4.02e+32,3.78e+32,4.32e+32
732214100003604,331.230378,44.160527,1300.67,1086.35,1643.78,0.0,2.617,0.5234,0.5234,0.5234,647.4422,0.188,0.427,23,M1,,,
732214100011346,331.641689,43.924805,669.26,601.43,742.83,0.0,2.617,0.6281,0.6019,0.6281,647.4558,0.213,1.146,15,M2,,,
732214300000319,329.968859,43.392657,465.11,440.44,487.56,0.0,2.617,0.3848,0.3664,0.3925,647.4474,0.043,0.622,11,M2,4.47e+32,4.01e+32,4.91e+32
732215300025979,328.084305,42.822291,438.59,421.24,457.98,0.0,2.617,0.2879,0.2879,0.2879,647.4478,0.07,0.396,18,M2,5.96e+32,5.50e+32,6.50e+32
732215400011437,329.379213,43.12989,291.95,287.63,297.09,0.0,2.617,0.2777,0.271,0.2857,647.4206,0.046,0.259,13,M4,,,
733205200012255,341.267499,39.802534,431.04,420.81,442.8,0.0,2.617,0.2617,0.2617,0.2617,648.438,0.031,0.266,8,M2,4.95e+32,4.72e+32,5.23e+32
733205200021669,340.756768,39.882423,631.49,585.86,682.5,0.0,2.617,0.3402,0.3402,0.3497,648.3875,0.071,0.306,9,M2,2.61e+32,2.25e+32,3.05e+32
733205300001758,341.453229,39.435888,275.78,265.81,285.67,0.0,2.617,0.0785,0.0776,0.0785,648.4338,,0.792,20,M3,,,
733206400003356,339.690521,39.421763,245.88,243.57,248.74,0.0,2.617,0.2879,0.2879,0.2879,648.4306,0.117,0.501,25,M2,1.21e+33,1.19e+33,1.24e+33
733207300028951,336.753302,38.835482,463.01,446.63,481.45,0.0,2.617,0.2355,0.2355,0.2355,648.3841,0.068,0.468,39,M2,1.53e+33,1.42e+33,1.65e+33
733207400019437,337.10252,38.781568,898.49,703.54,1480.09,1.0,2.617,0.2094,0.1832,0.2355,648.4201,0.053,2.836,49,M4,,,
733210300020195,339.018112,40.68036,509.46,490.44,533.14,0.0,2.617,0.3925,0.3827,0.3964,648.3826,0.018,0.696,51,M1,8.68e+32,8.04e+32,9.50e+32
733214300025477,338.639377,43.315856,280.5,274.63,287.33,0.0,2.617,0.3337,0.314,0.3402,648.44,0.049,0.896,6,M3,,,
733214400004263,340.018918,43.233597,722.98,686.24,768.01,0.0,2.617,0.4021,0.3664,0.4187,648.4291,,0.223,20,M1,7.10e+32,6.40e+32,8.00e+32
736209400015985,6.748574,47.810266,779.4,684.45,917.33,0.0,2.617,0.2094,0.2094,0.2225,1042.4154,0.085,0.642,17,M2,1.17e+33,9.01e+32,1.62e+33
736211200022871,0.561967,49.344935,361.96,333.59,387.33,0.0,2.617,0.157,0.1308,0.157,1042.4119,0.274,0.821,56,M2,1.14e+33,9.71e+32,1.31e+33
736216200019944,357.270691,50.609019,342.1,331.85,351.66,0.0,2.617,0.143,0.1047,0.157,1042.3979,0.286,0.426,64,M2,,,
737208300014922,7.747861,45.881477,637.46,545.24,713.32,0.0,2.617,0.157,0.157,0.157,1043.4551,0.106,1.095,11,M2,1.36e+33,9.92e+32,1.70e+33
737209100017435,16.985637,48.671406,440.01,410.87,466.21,0.0,2.617,0.2355,0.2355,0.255,1043.4275,0.291,0.546,54,M2,5.87e+33,5.12e+33,6.59e+33
737215400016469,11.701825,49.884321,291.06,281.69,300.09,0.0,2.617,0.2617,0.2605,0.2664,1043.4204,0.034,0.782,21,M3,1.32e+32,1.24e+32,1.41e+32
742201300011458,65.631049,44.452598,228.17,223.7,233.97,0.0,2.617,0.497,0.4696,0.5312,806.4155,0.081,0.661,20,M2,7.41e+32,7.13e+32,7.80e+32
742201400002180,66.388196,44.724413,116.25,113.69,118.96,0.0,2.617,0.0,0.0,0.0,806.4185,0.051,1.986,22,M5,1.03e+32,9.85e+31,1.08e+32
742203300009848,60.444436,44.467869,158.76,157.93,159.68,0.0,2.617,0.0,0.0,0.0,806.409,0.101,0.17,17,M2,2.75e+32,2.72e+32,2.78e+32
742204100016640,59.41191,44.969004,211.12,207.66,214.83,0.0,2.617,0.7222,0.5645,0.7476,806.4569,0.046,0.766,16,M2,3.75e+31,3.63e+31,3.89e+31
742204200039064,57.732701,45.113915,404.35,371.15,441.3,0.0,2.617,0.7066,0.6804,0.7066,806.4304,0.076,0.637,14,M3,1.94e+32,1.63e+32,2.31e+32
742204300013179,57.938113,44.221259,379.83,364.49,397.8,0.0,2.617,0.4593,0.4449,0.5223,806.4126,0.091,0.357,16,M3,,,
742204400009346,59.017756,44.45962,241.07,236.61,246.56,0.0,2.617,0.5496,0.5496,0.5496,806.4315,0.131,0.486,33,M4,,,
742207300011158,60.675183,46.432046,141.28,139.21,143.42,0.0,2.617,0.0,0.0,0.0,806.4326,0.029,0.803,12,M4,,,
742208100022257,59.373444,46.822318,125.59,122.78,127.85,0.0,2.617,0.0,0.0,0.0,806.4155,0.027,1.141,30,M4,1.23e+32,1.18e+32,1.28e+32
742212300031959,57.908732,47.91519,456.46,411.7,494.33,0.0,2.617,0.7164,0.6848,0.7845,806.4591,0.076,1.984,19,M3,9.25e+32,7.53e+32,1.08e+33
742216100008486,59.161826,51.00836,141.61,131.41,154.28,0.0,2.617,0.0,0.0,0.0,806.4311,0.045,2.829,36,,,,
751211200002416,145.197919,49.277245,154.98,152.38,157.18,0.0,2.617,0.0,0.0,0.0,507.4177,,0.681,14,M3,1.18e+33,1.14e+33,1.21e+33
751214300002248,149.036489,50.252001,62.26,61.97,62.5,0.0,2.617,0.0,0.0,0.0,507.4073,0.173,1.85,21,M6,,,
752209400010230,162.134372,47.929103,157.08,154.43,159.87,0.0,2.617,0.0,0.0,0.0,507.343,0.157,0.612,17,M3,4.65e+32,4.49e+32,4.82e+32
758202300001569,214.846371,44.649461,174.99,172.81,177.38,0.0,2.617,0.0,0.0,0.0,231.227,0.018,1.315,31,M3,3.52e+32,3.43e+32,3.61e+32
758205200005530,217.757166,46.784379,75.18,74.79,75.54,0.0,2.617,0.0,0.0,0.0,231.2419,0.019,0.367,3,M4,,,
758211200013751,212.668857,48.768795,151.53,147.38,156.12,0.0,2.617,0.0,0.0,0.0,231.2563,0.04,1.186,7,M6,2.64e+31,2.50e+31,2.80e+31
764202400012817,274.956359,44.066303,640.7,601.95,683.72,0.0,2.617,0.1308,0.1308,0.1308,1039.3948,0.05,0.299,13,M1,1.18e+33,1.04e+33,1.35e+33
764207300005641,271.675332,46.344888,314.66,302.35,331.61,0.0,2.617,0.1047,0.1047,0.1047,1039.3948,0.029,1.282,17,M4,3.26e+32,3.01e+32,3.62e+32
764215300018687,271.644129,49.853216,352.53,344.88,363.21,0.0,2.617,0.1047,0.1047,0.1047,1039.4156,0.096,0.308,22,M2,9.41e+32,9.01e+32,9.99e+32
765202300003885,283.937566,44.680578,313.65,306.93,322.01,0.0,2.617,0.0262,0.0262,0.0262,327.2516,0.126,0.521,38,M4,,,
765205300015832,285.936848,45.966147,369.0,358.1,380.16,0.0,2.617,0.0523,0.0523,0.0523,327.2532,0.056,1.824,48,M3,2.39e+33,2.25e+33,2.53e+33
765208400004680,278.936215,46.373389,856.26,796.07,926.76,0.0,2.617,0.1832,0.1832,0.201,326.2689,0.047,0.585,13,M0,2.68e+33,2.31e+33,3.14e+33
765211100008449,282.374413,49.044789,837.22,766.98,922.51,0.0,2.617,0.1832,0.1832,0.1832,327.2167,0.05,0.501,19,M1,1.16e+33,9.77e+32,1.41e+33
765211200003716,281.29216,49.303248,427.19,414.93,439.61,0.0,2.617,0.1308,0.1308,0.1308,327.2606,0.124,0.637,31,M2,2.08e+33,1.96e+33,2.20e+33
765213300008436,287.178336,49.96541,5977.43,2538.2,10988.57,1.0,2.617,0.1832,0.1832,0.1832,326.2673,,0.572,19,M2,,,
766201100025809,296.797214,45.028078,275.19,273.44,277.23,0.0,2.617,0.0153,0.0124,0.0187,294.425,0.041,0.166,8,M1,,,
766201200049395,295.736931,45.31146,190.74,188.54,192.97,0.0,2.617,0.0,0.0,0.0,295.4103,0.044,0.362,8,M3,2.93e+32,2.86e+32,3.00e+32
766203300034329,291.120299,44.102688,390.43,374.0,406.68,0.0,2.617,0.1127,0.0262,0.1405,294.4327,0.071,1.955,23,M3,1.96e+33,1.79e+33,2.12e+33
766203300036413,290.483733,44.722478,4970.05,2284.46,9935.15,1.0,2.617,0.2617,0.2617,0.2617,294.4382,0.089,0.702,13,M4,,,
766204100009574,289.90857,45.373844,533.07,495.94,572.81,0.0,2.617,0.1308,0.1308,0.1308,296.4142,0.084,0.76,24,M3,1.53e+33,1.32e+33,1.77e+33
766205200006090,296.264384,47.424372,566.96,529.01,610.31,0.0,2.617,0.0822,0.0785,0.1832,296.4026,0.048,1.615,45,M3,2.69e+33,2.35e+33,3.12e+33
766205300030171,296.399296,46.6784,283.64,268.69,297.45,0.0,2.617,0.1047,0.1047,0.1047,295.4116,0.159,0.923,70,M1,,,
766205400021514,297.258254,46.136432,497.6,438.78,563.89,0.0,2.617,0.3631,0.314,0.3664,295.4228,0.073,1.6,20,M4,,,
766206300018516,293.969626,46.18115,500.26,481.08,520.53,0.0,2.617,0.1038,0.0861,0.1047,295.4042,0.044,0.381,12,M2,8.24e+32,7.62e+32,8.92e+32
766207200022824,290.31447,46.864585,224.13,221.24,227.64,0.0,2.617,0.0262,0.0262,0.0262,295.4068,0.084,0.88,40,M3,1.34e+33,1.31e+33,1.38e+33
766209100014873,297.328218,48.997795,1009.33,860.63,1156.77,0.0,2.617,0.2879,0.2879,0.2879,296.4122,0.126,0.979,44,M2,7.66e+33,5.57e+33,1.01e+34
766209400021490,297.424772,48.044597,510.9,486.96,545.99,0.0,2.617,0.0785,0.0785,0.0913,295.3914,0.037,0.654,21,M3,8.39e+32,7.62e+32,9.58e+32
766210200008180,293.679914,49.237817,684.1,613.94,795.85,0.0,2.617,0.1832,0.1708,0.1832,294.4155,0.064,0.668,9,M4,,,
766211100039433,291.675463,48.86729,397.5,368.61,418.48,0.0,2.617,0.0785,0.0785,0.1012,294.4039,0.056,0.444,7,M2,1.46e+32,1.26e+32,1.62e+32
766211400020933,292.149713,47.977059,229.41,226.17,231.84,0.0,2.617,0.0,0.0,0.0,296.3959,0.153,0.272,31,M2,3.66e+32,3.55e+32,3.73e+32
766212300016431,288.34241,47.896275,2158.63,1423.24,3388.66,1.0,2.617,0.1308,0.1308,0.1308,294.4218,0.287,0.853,39,M3,,,
766212400009432,289.506153,48.246825,1298.6,1023.05,1697.19,1.0,2.617,0.2094,0.157,0.2355,295.4321,0.149,0.792,17,M1,,,
766212400020597,289.371737,48.443032,664.11,396.37,1072.52,1.0,2.617,0.1308,0.1047,0.1308,295.4184,0.068,1.904,20,M4,,,
766213300006004,296.014302,50.342297,221.17,218.61,223.44,0.0,2.617,0.0,0.0,0.0,296.4107,0.079,0.394,22,M3,3.09e+32,3.02e+32,3.16e+32
766214100011449,295.19209,50.955353,66.32,66.18,66.42,0.0,2.617,0.0,0.0,0.0,294.4318,0.118,0.238,22,M4,,,
766214300011062,293.269778,50.162552,240.97,234.8,247.38,0.0,2.617,0.0,0.0,0.0,294.4281,0.072,1.007,23,M4,2.05e+32,1.95e+32,2.16e+32
766215200022976,290.098511,50.621853,79.09,78.88,79.35,0.0,2.617,0.0,0.0,0.0,294.4139,0.07,0.524,54,M4,,,
766216400000088,289.007488,50.57703,798.94,719.98,882.93,0.0,2.617,0.2094,0.2094,0.2094,296.4294,0.173,0.628,32,M2,6.11e+33,4.96e+33,7.46e+33
767201400014867,307.15821,44.410154,2810.45,1900.5,4879.26,,2.617,4.1859,3.7946,4.8031,451.0883,0.063,1.224,19,M4,,,
767203300006262,300.14836,44.733534,428.59,407.98,455.15,0.0,2.617,0.4449,0.4148,0.4449,448.1405,0.165,0.372,14,M2,1.79e+32,1.62e+32,2.01e+32
767203400014050,301.242627,44.614618,311.12,305.97,316.62,0.0,2.617,0.2992,0.2841,0.314,448.1829,0.086,1.153,32,M4,,,
767203400018740,301.512726,44.534671,1375.27,1132.96,2159.23,0.0,2.617,0.6542,0.6325,2.2177,448.1105,0.288,1.169,51,M2,3.58e+34,2.43e+34,8.83e+34
767205100059244,307.219501,46.919504,321.15,315.44,327.54,0.0,2.617,0.1557,0.1308,0.2253,448.1031,0.259,0.315,22,M2,9.84e+32,9.49e+32,1.02e+33
767205300034725,305.240589,46.104123,761.28,652.0,981.81,0.0,2.617,0.3177,0.1981,0.7946,448.113,0.145,0.841,12,M3,,,
767206100035510,304.080774,47.046985,349.78,341.46,358.24,0.0,2.617,0.1308,0.1308,0.1527,451.1238,,1.003,44,M4,,,
767206400083025,304.829566,46.419397,589.25,578.87,599.14,0.0,2.617,0.2568,0.2487,0.2617,448.1188,0.208,0.166,21,,,,
767207300072331,301.042199,46.093874,248.35,244.21,252.63,0.0,2.617,0.0,0.0,0.0,448.181,0.339,0.392,26,M3,4.28e+33,4.13e+33,4.42e+33
767207400023436,301.982167,46.376788,319.79,313.76,326.35,0.0,2.617,0.5547,0.546,0.5639,448.1209,0.064,0.299,14,M3,3.52e+32,3.39e+32,3.67e+32
767207400041442,301.296499,46.064501,445.49,435.06,456.3,0.0,2.617,0.4376,0.4187,0.4643,448.1112,0.166,0.535,37,M0,4.76e+33,4.54e+33,4.99e+33
767209300065825,306.355214,48.033262,559.19,506.33,607.2,0.0,2.617,0.5732,0.5496,0.6019,448.1281,0.109,1.347,20,M3,1.43e+33,1.17e+33,1.68e+33
767209300087794,305.907658,48.470344,356.0,345.85,367.36,0.0,2.617,0.6865,0.6804,0.7066,448.1345,0.034,1.845,39,M3,3.87e+33,3.65e+33,4.12e+33
767210100011875,304.46233,49.324396,318.36,305.17,331.98,0.0,2.617,0.3756,0.324,0.4408,451.081,0.281,1.74,119,M4,,,
767211300027700,300.835907,48.141859,499.91,463.57,533.22,0.0,2.617,0.2844,0.2001,0.316,451.1119,0.158,0.603,11,M3,2.09e+33,1.79e+33,2.37e+33
767216100035020,298.913093,50.859103,166.51,165.43,167.91,0.0,2.617,0.0,0.0,0.0,448.1811,0.182,0.479,24,M3,4.31e+32,4.26e+32,4.39e+32
768201200104320,315.815638,45.003146,1208.7,1101.33,1380.95,0.0,2.617,1.0468,1.0383,1.0468,451.138,0.18,0.32,15,M1,,,
768202100026434,313.897853,45.257409,173.74,172.09,175.44,0.0,2.617,0.0,0.0,0.0,451.1315,0.186,0.262,17,M3,8.10e+32,7.95e+32,8.26e+32
768203100030047,311.752671,44.941957,344.33,339.28,349.21,0.0,2.617,0.0785,0.0785,0.0785,451.1287,0.118,0.231,17,M0,2.08e+33,2.02e+33,2.14e+33
768203300015197,309.868634,44.295083,334.03,307.8,360.26,0.0,2.617,0.1308,0.1308,0.1308,448.1601,0.155,0.674,30,M4,,,
768203300030228,309.899817,44.136636,604.18,551.62,647.91,0.0,2.617,0.4316,0.3925,0.4952,451.0959,0.039,1.5,22,M2,2.73e+33,2.27e+33,3.13e+33
768204100016295,308.281046,45.338974,327.38,320.46,333.71,0.0,2.617,0.3306,0.2094,0.3664,451.0748,0.086,0.324,14,M2,7.27e+32,6.97e+32,7.55e+32
768205100004340,317.550287,47.446044,284.53,279.45,289.08,0.0,2.617,0.1171,0.0446,0.2253,451.1621,0.074,0.785,25,M4,,,
768205200043363,315.68657,47.559278,1652.03,979.1,2560.01,1.0,2.617,1.7461,1.5937,1.9628,451.117,0.168,1.813,22,M4,,,
768206100015991,314.078017,47.332179,563.28,463.97,693.82,0.0,2.617,0.4449,0.2879,1.0978,448.1955,0.056,2.593,20,M4,,,
768206300058056,312.557662,46.274365,326.35,316.42,338.13,0.0,2.617,0.0928,0.0788,0.1047,451.1758,0.159,0.859,15,M4,,,
768206400086215,314.677271,46.121172,1811.89,1487.47,2339.79,0.0,2.617,0.9683,0.9683,0.9945,448.2191,,0.53,6,M1,,,
768207300021010,310.60417,46.323956,2806.97,2225.16,3788.45,,2.617,3.5185,2.5564,3.7423,448.1565,0.073,0.324,7,M4,,,
768210100042981,314.734565,49.214534,435.24,412.36,453.99,0.0,2.617,0.7066,0.6964,0.7213,451.2215,1.099,1.173,24,M3,,,
768210400022793,314.869209,48.214739,365.1,356.09,374.48,0.0,2.617,0.1832,0.1832,0.2061,451.1117,0.078,0.548,12,M2,4.31e+32,4.10e+32,4.53e+32
768210400024890,313.879726,48.192302,154.87,154.19,155.7,0.0,2.617,0.0,0.0,0.0,451.078,0.049,0.349,19,M2,3.54e+32,3.51e+32,3.58e+32
768210400082711,314.760136,47.873579,696.78,623.44,788.31,0.0,2.617,1.0396,0.8267,1.0468,451.0982,0.128,1.202,19,M3,,,
768212100021785,308.980704,49.053812,330.69,319.25,342.47,0.0,2.617,0.3809,0.3489,0.4026,451.1813,0.034,1.28,11,M4,,,
768214300062359,312.665678,49.821986,265.97,252.89,279.69,0.0,2.617,0.1042,0.0354,0.1047,451.1618,0.052,1.516,22,M4,5.32e+32,4.81e+32,5.88e+32
768214400035350,314.18403,50.588618,300.17,283.99,316.41,0.0,2.617,0.086,0.0785,0.1636,448.196,0.088,3.192,23,M4,,,
768215200028088,310.321787,50.859808,160.71,159.23,162.19,0.0,2.617,0.0,0.0,0.0,448.106,0.033,0.58,14,M3,2.00e+32,1.96e+32,2.04e+32
768215300021563,310.764257,50.166472,297.77,287.85,307.5,0.0,2.617,0.0762,0.0454,0.1196,451.1568,0.051,0.667,15,M3,3.32e+32,3.10e+32,3.54e+32
768216200076272,307.34719,51.067939,484.1,466.76,498.78,0.0,2.617,0.2879,0.2817,0.2879,451.1336,0.241,0.388,28,M1,6.33e+33,5.88e+33,6.72e+33
769201400004373,326.783952,44.674366,807.74,698.22,937.86,0.0,2.617,0.4187,0.4187,0.4187,1026.4283,0.3,0.603,38,M1,8.16e+33,6.10e+33,1.10e+34
769201400005763,326.58212,44.652863,511.13,478.32,549.65,0.0,2.617,0.2968,0.2666,0.314,1008.4415,0.262,1.129,42,M3,2.64e+33,2.31e+33,3.05e+33
769202100048815,323.522254,45.420948,169.31,168.06,170.54,0.0,2.617,0.0,0.0,0.0,466.1115,0.052,0.258,28,M4,,,
769204100003986,318.321269,45.615958,5097.4,3602.78,7473.93,,2.617,1.5517,1.2247,1.7257,1026.4512,0.034,0.837,16,M3,,,
769204200003487,317.319995,45.580253,185.28,178.5,194.16,0.0,2.617,0.0,0.0,0.0,1026.4549,0.109,0.856,12,M4,,,
769205300058278,325.042149,46.055488,192.86,191.77,194.1,0.0,2.617,0.0,0.0,0.0,466.1142,0.044,0.347,18,M2,7.43e+32,7.34e+32,7.52e+32
769207100075985,321.586524,47.08023,468.23,452.43,482.31,0.0,2.617,0.3664,0.3664,0.3664,1026.455,0.052,0.546,12,M0,8.00e+32,7.47e+32,8.49e+32
769207300022720,320.685778,46.288233,508.98,483.09,531.3,0.0,2.617,0.5828,0.5757,0.6019,1008.4431,0.037,1.048,30,M2,1.46e+33,1.31e+33,1.59e+33
769208100037368,318.711322,46.920797,3529.05,1832.62,4963.65,1.0,2.617,1.5915,0.7851,2.5647,466.101,0.17,1.132,39,M2,,,
769208100085976,318.138626,47.238476,291.84,282.95,300.81,0.0,2.617,0.0262,0.0262,0.0296,1026.4101,0.145,0.649,16,M3,5.73e+32,5.39e+32,6.09e+32
769209200035059,325.440381,48.856388,1151.87,867.68,1520.36,1.0,2.617,1.3085,1.2562,1.4132,1026.4247,0.054,0.497,12,M3,,,
769209300056776,325.672238,48.021701,237.53,232.14,241.85,0.0,2.617,0.0015,0.0,0.0179,466.1081,0.15,0.45,30,M4,,,
769210200113340,322.593113,48.873314,1804.33,1599.46,2147.89,0.0,2.617,0.8113,0.8113,0.8374,466.1002,0.182,0.56,19,,,,
769211300009425,320.507493,48.492812,276.07,268.04,283.59,0.0,2.617,0.0262,0.0262,0.0262,1008.4286,0.034,1.149,37,M3,4.28e+32,4.04e+32,4.52e+32
769211400032421,320.8608,48.125557,289.1,284.9,293.66,0.0,2.617,0.0231,0.0098,0.0262,466.0928,0.047,1.275,58,M2,2.96e+33,2.87e+33,3.05e+33
769214100069914,324.462741,50.75675,274.51,265.36,285.59,0.0,2.617,0.0,0.0,0.006,1026.4313,0.024,1.232,22,M4,2.73e+32,2.55e+32,2.95e+32
769214400041304,323.837074,49.851331,338.58,332.85,343.22,0.0,2.617,0.1308,0.128,0.1308,466.1262,0.046,0.341,13,M1,1.41e+33,1.36e+33,1.45e+33
769215100013285,321.385445,51.188147,344.7,332.42,357.0,0.0,2.617,0.0785,0.0785,0.0869,466.1327,0.124,0.608,39,M4,,,
769215100023554,321.917774,50.967424,274.46,265.62,285.84,0.0,2.617,0.1128,0.0254,0.2094,1026.4551,0.022,1.044,10,M4,7.29e+31,6.83e+31,7.91e+31
770207100001214,330.969098,47.625867,183.99,182.23,186.31,0.0,2.617,0.0,0.0,0.0,461.2211,0.05,0.309,32,M1,1.91e+33,1.88e+33,1.96e+33
770210200027878,332.659891,48.992636,509.7,493.02,531.65,0.0,2.617,0.314,0.3066,0.3147,461.1994,0.086,0.304,10,M1,,,
770211300069962,329.817388,48.658354,555.08,488.17,637.06,0.0,2.617,0.2355,0.2094,0.2617,462.1958,0.082,1.716,8,M4,,,
770214100017570,333.636319,51.148149,607.43,552.64,663.21,0.0,2.617,0.2355,0.2355,0.2355,461.24,0.061,1.224,13,M3,8.79e+32,7.28e+32,1.05e+33
770215200050975,330.232805,51.176932,279.98,271.96,288.38,0.0,2.617,0.1712,0.1183,0.2249,461.2233,0.119,1.13,31,M3,7.43e+32,7.01e+32,7.88e+32
771212100043251,338.196702,48.931069,218.54,216.35,220.77,0.0,2.617,0.0,0.0,0.0,462.1918,0.066,0.631,11,M2,1.59e+33,1.56e+33,1.63e+33
771214300009231,343.487716,50.392585,218.29,216.32,220.52,0.0,2.617,0.0,0.0,0.0,461.185,0.065,0.289,17,M2,2.35e+32,2.31e+32,2.40e+32
771214300023775,343.260597,50.059918,426.85,410.14,446.27,0.0,2.617,0.1832,0.0947,0.1832,461.2354,0.25,0.492,19,M2,5.17e+33,4.77e+33,5.65e+33
771216200004131,336.408323,51.254791,2074.28,942.11,3126.66,1.0,2.617,0.3664,0.3654,0.4659,462.1807,0.102,3.102,18,M4,,,
772201300022994,354.890698,44.07508,409.37,394.89,426.09,0.0,2.617,0.2879,0.2879,0.2879,649.4426,0.103,0.724,40,M1,6.69e+32,6.23e+32,7.25e+32
772203400000459,351.904507,44.837899,2771.75,1549.32,4683.82,,2.617,0.314,0.314,0.314,649.4087,0.125,1.192,26,M4,,,
772204400007790,349.17727,44.475182,495.09,475.72,524.87,0.0,2.617,0.4449,0.4449,0.4449,649.4509,0.078,0.287,9,M1,8.28e+32,7.65e+32,9.31e+32
772206100009773,353.718025,47.257043,,,,,2.271,0.4156,0.4156,0.4156,649.4318,0.062,0.656,58,M4,,,
772206400009167,354.329894,46.363718,320.64,300.1,346.84,0.0,2.617,0.2617,0.2379,0.2775,776.3978,0.08,0.372,14,M4,,,
772207300016702,350.507416,46.115891,655.72,591.73,714.18,0.0,2.617,0.4711,0.4711,0.4972,776.378,0.219,0.381,26,M2,2.63e+33,2.14e+33,3.11e+33
772208100010818,348.293406,47.227881,165.99,164.79,167.41,0.0,2.617,0.0,0.0,0.0,776.3471,0.031,0.382,16,M3,2.21e+32,2.18e+32,2.25e+32
772208100013752,348.846757,47.147618,311.39,300.78,325.53,0.0,2.617,0.2879,0.2879,0.2879,776.3595,0.02,0.813,26,M4,,,
772208300018687,347.039442,45.958891,304.3,295.5,312.37,0.0,2.617,0.3925,0.3925,0.3925,649.4197,0.096,2.073,57,M3,1.54e+33,1.45e+33,1.62e+33
772210300037033,352.817029,47.94871,318.37,305.61,334.66,0.0,2.617,0.4449,0.3935,0.4449,776.4125,,1.534,9,M3,,,
772210400003704,353.78519,48.529656,698.86,589.05,802.19,0.0,2.617,0.2879,0.2777,0.2923,776.3443,0.078,0.905,23,M4,,,
772210400017090,354.533409,47.99776,343.42,326.91,369.98,0.0,2.617,0.2094,0.1983,0.2094,776.3747,0.064,0.667,31,M4,,,
772210400038249,354.312622,47.992986,339.95,324.05,355.3,0.0,2.617,0.1047,0.0896,0.1047,649.4248,0.049,0.488,11,M4,,,
772215300022722,350.688141,49.948427,882.29,702.33,1047.39,1.0,2.617,0.2094,0.2057,0.2094,776.3645,0.046,1.39,48,M4,,,
773203200016843,4.45989,52.317559,120.16,118.83,121.69,0.0,2.617,0.0,0.0,0.0,804.1485,0.015,0.674,30,M4,2.05e+31,2.00e+31,2.10e+31
773205100022050,13.002312,53.958571,209.12,194.52,230.68,0.0,2.617,0.0,0.0,0.0,804.1545,0.123,1.864,26,M5,,,
775213200018614,32.058882,58.076206,288.38,278.78,297.66,0.0,2.617,0.4972,0.4923,0.4972,805.1612,0.036,0.76,11,M3,1.10e+32,1.03e+32,1.17e+32
776201300015530,42.602825,51.475398,115.25,113.68,116.86,0.0,2.617,0.0,0.0,0.0,837.1914,0.143,0.886,85,M5,,,
776204100003567,34.668947,52.722291,401.6,351.37,487.0,0.0,2.617,0.2918,0.2617,0.314,837.1795,0.104,0.226,16,M2,,,
776207100023063,38.304264,54.184252,699.25,566.58,913.6,0.0,2.617,0.4542,0.4449,0.4972,837.2016,0.082,0.722,10,M4,,,
776207100040047,37.16284,54.695537,374.76,344.0,402.7,0.0,2.617,0.314,0.3,0.3245,837.1859,0.043,1.082,11,M4,2.28e+32,1.92e+32,2.63e+32
776207400012689,37.597267,53.586722,178.08,177.02,179.23,0.0,2.617,0.0006,0.0,0.0036,837.169,0.083,0.142,18,M2,3.67e+32,3.62e+32,3.71e+32
776211200006795,35.550413,56.531536,1002.65,851.92,1218.98,0.0,2.617,0.5496,0.5234,0.5496,837.182,0.177,0.92,61,M0,1.59e+34,1.15e+34,2.35e+34
776213200027264,43.129995,58.470751,223.19,218.98,227.59,0.0,2.617,0.4889,0.437,0.4972,837.1704,0.035,1.143,32,M3,4.56e+32,4.39e+32,4.75e+32
776215200002790,36.204392,58.558916,795.16,707.8,889.58,0.0,2.617,1.0206,0.9945,1.073,837.2018,0.22,0.438,41,M0,3.62e+33,2.86e+33,4.53e+33
776215200005363,36.934786,58.502362,4612.24,3156.49,7314.83,1.0,2.617,1.5848,1.387,1.7272,837.1653,0.163,1.06,40,M2,,,
776215300016258,36.554455,57.351901,983.65,851.06,1144.26,0.0,2.617,1.0468,1.0468,1.073,837.1874,0.025,0.878,10,M1,7.95e+32,5.95e+32,1.08e+33
776215300026203,36.801416,57.106104,637.11,563.99,706.9,0.0,2.617,0.7589,0.7589,0.8113,837.1737,0.158,0.785,35,M1,1.84e+33,1.44e+33,2.27e+33
776216400028774,34.066169,56.960808,251.08,242.99,260.8,0.0,2.617,0.026,0.0111,0.1047,837.1619,0.031,0.91,11,M3,2.48e+32,2.32e+32,2.68e+32
777203200023952,47.223696,52.825013,170.86,169.1,172.29,0.0,2.617,0.0561,0.023,0.0825,836.1681,0.031,0.239,17,M3,9.85e+31,9.64e+31,1.00e+32
777205300001027,52.778034,53.889737,232.38,222.07,245.11,0.0,2.617,0.9852,0.9609,0.9945,836.1577,0.164,0.868,29,M4,1.76e+32,1.61e+32,1.96e+32
777205300008262,53.171541,53.633179,156.41,154.7,158.26,0.0,2.617,0.0,0.0,0.0,836.159,0.071,0.214,17,M3,3.41e+32,3.33e+32,3.49e+32
777208300013721,43.624746,53.361959,158.26,152.05,164.27,0.0,2.617,0.0,0.0,0.0,836.161,0.048,1.422,33,M6,7.13e+31,6.58e+31,7.68e+31
777211300006081,46.508657,55.654482,308.42,300.77,317.18,0.0,2.617,1.3608,1.3608,1.3608,836.1877,0.128,0.421,24,M2,1.58e+32,1.50e+32,1.67e+32
777212100018503,45.318208,56.113609,281.59,194.55,405.28,1.0,2.617,0.9409,0.0262,1.2904,836.2021,0.061,1.41,22,M4,,,
777216200036407,43.132164,58.470622,230.81,222.67,239.9,0.0,2.617,0.4972,0.4825,0.5025,836.1533,0.052,0.874,20,M4,,,
778216300016561,54.264582,56.91966,308.88,301.65,316.0,0.0,2.617,1.0361,1.0013,1.1448,830.1648,0.119,0.696,25,M1,4.00e+32,3.81e+32,4.18e+32
779201100001255,76.346716,52.767747,804.09,571.82,1188.27,1.0,2.617,1.1253,0.9126,1.1515,1115.4842,0.073,1.631,40,M3,,,
779203300033532,68.820221,51.725125,779.25,589.98,1065.14,1.0,2.617,1.7098,1.4655,1.9104,1115.4589,0.074,1.021,20,M4,,,
779205100006270,76.884371,54.459365,1042.77,898.96,1276.2,0.0,2.617,0.9612,0.9421,0.9745,1115.4971,0.149,0.382,15,M0,4.16e+33,3.09e+33,6.23e+33
779210300017434,71.698753,55.285128,187.74,155.98,240.05,1.0,2.617,0.0,0.0,0.3925,1115.4646,0.098,0.94,13,M3,,,
780202400016141,83.834385,51.304309,110.01,108.39,111.31,0.0,2.617,0.0,0.0,0.0,811.3519,0.034,0.649,12,M4,1.97e+31,1.91e+31,2.02e+31
780209300009608,86.887948,55.336185,336.03,325.59,353.47,0.0,2.617,0.314,0.314,0.314,811.3497,0.027,0.752,25,M2,6.18e+32,5.80e+32,6.84e+32
780211200000765,79.341186,56.67618,414.81,371.58,462.23,0.0,2.617,0.9159,0.8898,0.9577,811.3417,0.235,1.169,53,M4,,,
781203300010967,90.739291,51.246478,1219.4,955.01,1640.18,1.0,2.617,0.7066,0.6857,0.7222,799.4166,0.171,0.782,32,M1,5.12e+33,3.14e+33,9.27e+33
781204100015704,89.409278,52.772281,341.85,326.07,360.52,0.0,2.617,0.3402,0.3402,0.3402,799.4296,0.057,0.695,13,M3,6.55e+32,5.96e+32,7.29e+32
781216200010643,87.545665,57.736184,224.12,190.4,267.76,0.0,2.617,0.2365,0.0,0.3402,799.408,0.094,0.398,20,M2,,,
785207200004569,133.876004,54.294674,245.32,230.8,257.69,0.0,2.617,0.157,0.0831,0.157,508.4335,0.289,1.001,6,M4,,,
786210300005249,148.901636,55.238264,164.08,161.59,167.02,0.0,2.617,0.0,0.0,0.0,508.3372,0.107,0.397,4,M3,3.38e+32,3.28e+32,3.50e+32
787210300004919,160.087671,55.319509,734.72,684.49,798.55,0.0,2.617,0.0,0.0,0.0,507.3312,0.163,0.75,8,M1,,,
792211400006283,212.063368,55.189877,197.29,194.45,199.92,0.0,2.617,0.0,0.0,0.0,233.2632,0.043,0.549,13,M3,2.96e+32,2.88e+32,3.04e+32
792212100003696,209.358286,56.267322,921.06,711.36,1165.53,1.0,2.617,0.0,0.0,0.0,233.2816,0.098,1.774,26,M4,,,
798208300007354,274.310327,53.338973,,,,,2.271,0.0773,0.0773,0.0773,1044.4006,0.064,0.41,26,M2,,,
798209100011321,285.855949,55.883062,328.56,316.56,340.77,0.0,2.617,0.0,0.0,0.0,1044.4423,0.04,0.597,14,M3,2.57e+32,2.39e+32,2.77e+32
799208300030297,285.551615,53.757948,145.78,144.97,146.53,0.0,2.617,0.0,0.0,0.0,441.1248,0.105,0.502,29,M2,3.42e+32,3.38e+32,3.46e+32
799208400000611,286.952491,53.907492,214.91,213.42,216.3,0.0,2.617,0.0,0.0,0.0,441.1658,0.099,0.558,39,M2,3.20e+33,3.16e+33,3.24e+33
800201100047919,307.664154,52.425889,319.06,291.33,356.99,0.0,2.617,0.0523,0.0,0.1531,441.1332,0.072,2.242,29,M4,,,
800201200044315,306.425811,52.594552,335.22,328.84,343.48,0.0,2.617,0.0785,0.0701,0.0785,441.1351,0.106,0.454,43,M2,5.58e+33,5.37e+33,5.86e+33
800209100009236,307.621081,56.367253,1161.16,1046.97,1331.92,0.0,2.617,1.1253,1.073,1.1515,441.1742,0.355,0.425,31,M1,,,
800214100014906,305.374045,58.04756,130.24,129.08,131.1,0.0,2.617,0.0,0.0,0.0,441.1287,0.046,0.416,19,M4,,,
801216300023729,307.986988,56.97721,249.26,242.84,256.33,0.0,2.617,0.0,0.0,0.0,652.3867,0.063,0.917,35,M3,5.18e+32,4.92e+32,5.48e+32
802202100002789,326.721014,52.85802,345.08,339.18,351.6,0.0,2.617,0.1308,0.1308,0.1446,651.3912,0.237,0.824,69,M2,3.90e+34,3.77e+34,4.05e+34
802202300043335,325.521577,51.956424,433.79,423.32,442.63,0.0,2.617,0.2484,0.2373,0.2576,1027.4305,0.085,0.505,38,M1,1.74e+33,1.66e+33,1.82e+33
802203300076490,321.559113,51.828845,383.27,363.36,405.51,0.0,2.617,0.2617,0.2617,0.3297,651.4023,,1.259,49,M3,2.73e+33,2.45e+33,3.06e+33
802206200050673,325.022459,54.46808,163.17,162.41,163.89,0.0,2.617,0.1047,0.1047,0.1047,1027.4184,0.061,0.174,11,M3,1.13e+32,1.12e+32,1.14e+32
802207100038819,323.715294,54.032912,1857.18,1077.35,4373.98,1.0,2.617,1.7277,1.387,3.0881,1027.4292,0.083,1.863,47,M4,,,
802207200014403,321.479191,54.532061,447.63,419.34,470.95,0.0,2.617,0.9431,0.9421,0.9662,1027.4046,0.141,0.888,22,M4,8.28e+32,7.26e+32,9.16e+32
802207300045060,321.749732,53.705572,54.2,53.98,54.45,0.0,2.617,0.0,0.0,0.0,651.3981,0.015,1.087,33,M7,,,
802208200010956,319.523278,54.526769,303.2,298.35,308.52,0.0,2.617,1.0085,0.9919,1.0244,1027.4254,0.084,0.204,14,M2,5.82e+32,5.63e+32,6.02e+32
802208300057474,319.086096,53.785186,95.53,95.19,95.87,0.0,2.617,0.0,0.0,0.0,651.3648,0.025,0.371,6,M3,5.32e+31,5.28e+31,5.36e+31
802209400040088,330.693713,54.911009,251.37,241.11,260.71,0.0,2.617,0.105,0.0674,0.1216,1027.4599,,0.943,6,M4,,,
802210400052376,326.469738,55.369181,508.37,484.03,528.97,0.0,2.617,0.6542,0.6542,0.6542,1027.3975,,0.835,53,M3,,,
802211100083044,323.849264,56.100044,132.01,131.18,132.89,0.0,2.617,0.0,0.0,0.0,1027.4484,0.073,0.544,17,M3,1.14e+32,1.13e+32,1.16e+32
802211300057066,322.459573,55.284426,447.76,437.88,457.26,0.0,2.617,1.0991,1.0901,1.0991,651.4008,0.065,0.371,28,M2,,,
802211400031432,323.498866,55.321831,327.52,318.49,337.1,0.0,2.617,0.2993,0.2485,0.3576,1027.4379,0.036,0.44,7,M2,2.20e+32,2.08e+32,2.33e+32
802212300035267,319.424894,55.077588,324.86,316.17,333.88,0.0,2.617,0.1832,0.1832,0.1832,651.3726,0.041,0.439,8,M3,3.24e+32,3.07e+32,3.42e+32
802213100053282,330.344378,57.94195,655.58,622.74,683.28,0.0,2.617,0.881,0.8338,0.8898,1027.4099,,0.395,14,M1,,,
802214100052015,326.456836,58.118141,630.8,601.77,660.6,0.0,2.617,1.1253,1.1253,1.1253,651.3757,0.235,0.329,51,M1,,,
802214400009764,327.713364,57.533213,6300.11,3936.92,9508.35,,2.617,3.0612,2.8736,3.0881,1027.4403,0.107,1.347,24,M4,,,
802214400039353,326.418234,57.608351,418.63,402.66,433.13,0.0,2.617,1.0468,1.0468,1.059,1027.4225,0.267,0.579,75,M2,1.52e+33,1.41e+33,1.63e+33
802216200045001,317.611149,58.087715,709.47,615.87,824.18,0.0,2.617,1.0739,0.9683,1.2092,1027.4043,0.067,0.923,31,M3,7.31e+32,5.51e+32,9.87e+32
802216200050078,318.131492,57.827553,1005.38,898.68,1147.31,0.0,2.617,1.2038,1.1553,1.23,651.3683,0.173,2.822,118,M2,8.45e+33,6.75e+33,1.10e+34
802216300001393,317.674284,57.622071,329.23,300.34,372.33,0.0,2.617,0.9159,0.7851,0.9159,651.4006,0.251,0.332,57,M3,,,
803203100028960,334.069637,52.368075,2679.62,1621.57,4457.0,1.0,2.617,0.4449,0.314,2.3926,468.1886,0.232,1.132,55,M2,,,
803203100040325,334.68409,52.158845,611.86,532.92,732.23,0.0,2.617,0.2355,0.2094,0.2617,468.1546,0.097,0.6,38,M1,2.27e+33,1.73e+33,3.26e+33
803205200064173,339.614236,54.605892,707.76,654.09,791.19,0.0,2.617,0.5496,0.5398,0.5496,468.1432,0.671,0.503,137,M1,1.99e+34,1.70e+34,2.49e+34
803207400053362,333.931348,53.689262,103.1,102.42,103.77,0.0,2.617,0.0,0.0,0.0,468.2158,0.024,1.094,37,M4,9.25e+31,9.12e+31,9.37e+31
803207400087467,334.996872,53.507616,2854.89,1364.82,4161.69,1.0,2.617,0.5816,0.4816,0.7328,468.2171,0.053,1.641,51,M3,,,
803208300027143,329.56342,53.347638,286.59,248.76,328.99,0.0,2.617,0.2373,0.0435,0.4449,468.1773,0.199,0.927,56,M4,,,
803210200045342,335.486761,55.979483,831.45,728.18,960.4,0.0,2.617,0.5703,0.5234,0.5757,468.2345,0.194,0.581,25,M0,4.79e+33,3.68e+33,6.39e+33
803210300035822,335.879486,55.284957,1452.85,1275.35,1742.96,0.0,2.617,0.6932,0.6601,0.7589,468.2166,0.413,0.354,59,M1,5.61e+34,4.32e+34,8.07e+34
803212100044969,330.855454,56.70047,377.1,362.71,392.6,0.0,2.617,0.8651,0.8636,0.8834,468.1262,0.038,0.762,29,M2,2.49e+32,2.30e+32,2.70e+32
803213100024454,341.844669,58.0389,1175.64,887.28,1633.6,1.0,2.617,1.1515,1.073,1.2038,468.1278,0.073,2.151,42,M4,,,
803214400024069,337.174802,57.373567,243.76,239.43,248.66,0.0,2.617,0.0626,0.0349,0.0785,468.1689,0.026,0.691,16,M3,1.04e+32,1.00e+32,1.08e+32
804203400029821,345.149323,51.357958,451.14,438.05,461.64,0.0,2.617,0.2094,0.2094,0.2094,476.2357,0.08,0.337,13,M0,1.11e+33,1.05e+33,1.16e+33
804204200024660,340.958481,52.312306,142.32,141.15,143.61,0.0,2.617,0.0,0.0,0.0,476.2164,0.033,0.443,11,M3,6.33e+31,6.22e+31,6.44e+31
804206100000632,348.447898,54.81581,516.86,497.56,538.72,0.0,2.617,0.3925,0.3892,0.3992,476.1477,0.073,0.36,6,M2,4.04e+32,3.74e+32,4.39e+32
804207300041079,343.225916,53.903954,231.37,228.14,235.0,0.0,2.617,0.1982,0.1918,0.2053,476.1437,0.068,0.284,11,M4,,,
804207400054186,345.388785,53.513753,516.2,469.97,566.21,0.0,2.617,0.4187,0.3925,0.4187,476.1943,0.113,2.009,41,M4,,,
804209100027113,351.858322,55.945093,510.68,463.94,565.71,0.0,2.617,0.5581,0.5496,0.5757,476.2502,,0.928,11,M4,,,
804211200018635,343.15864,56.385316,767.46,743.01,791.1,0.0,2.617,0.6281,0.6281,0.6281,476.2121,0.109,0.17,6,M0,,,
804214300050570,347.011464,57.105889,4285.69,2944.85,6379.51,1.0,2.617,2.1868,1.8234,2.2556,476.1607,0.481,0.569,14,M1,,,
804216300026379,339.586678,57.197774,716.57,620.95,824.79,0.0,2.617,0.7066,0.6542,0.7851,476.2124,0.203,1.325,17,M4,,,
805201200009565,359.724609,52.543258,281.32,276.32,286.25,0.0,2.617,0.0507,0.0344,0.0665,476.2386,0.201,0.644,22,M2,9.14e+32,8.82e+32,9.46e+32
805205100020986,1.619122,54.081848,1141.45,908.81,1510.94,0.0,2.617,0.5652,0.5234,0.6019,476.2196,,0.589,13,M1,1.21e+34,7.65e+33,2.12e+34
805208400001857,352.667515,53.895745,43.89,43.83,43.95,0.0,2.617,0.0,0.0,0.0,476.2142,0.04,0.241,16,M5,3.46e+31,3.45e+31,3.47e+31
805208400027733,352.687704,53.20464,156.72,154.78,158.18,0.0,2.617,0.0,0.0,0.0,476.2517,0.11,0.317,11,M3,2.04e+32,1.99e+32,2.08e+32
805213400046225,2.019986,57.190314,405.93,398.59,413.92,0.0,2.617,0.4537,0.4454,0.4626,476.1926,0.15,1.184,39,M2,,,
806201200047024,10.629375,59.300446,1005.28,898.46,1154.31,0.0,2.617,1.0991,1.0468,1.2027,1032.4352,0.228,0.975,51,M0,8.97e+33,7.16e+33,1.18e+34
806201300035130,11.790637,59.047753,142.66,141.83,143.61,0.0,2.617,0.0,0.0,0.0,1032.4137,0.04,0.225,9,M3,1.38e+32,1.36e+32,1.40e+32
806203200009206,4.532751,59.812582,853.91,753.36,960.27,0.0,2.617,0.9421,0.8898,0.9421,1032.4196,0.092,0.509,13,M1,6.33e+32,4.93e+32,8.01e+32
806203300014966,3.537597,58.863606,555.74,536.8,571.89,0.0,2.617,0.9159,0.9049,0.9389,1032.4217,0.165,0.201,24,M2,,,
806203300032055,3.686748,58.443988,254.89,244.57,266.59,0.0,2.617,0.157,0.157,0.1614,1032.4593,,1.21,19,M4,1.70e+32,1.60e+32,1.90e+32
806204100029477,2.263112,59.374832,393.62,364.16,438.55,0.0,2.617,0.6491,0.6137,0.6899,1032.4133,0.14,0.771,23,M4,,,
806204100053338,2.190931,59.330685,483.02,436.05,554.24,0.0,2.617,0.6019,0.5757,0.6477,1032.4341,0.042,1.004,10,M4,,,
806205200022447,11.285127,61.202457,5673.49,3763.71,8230.23,1.0,2.617,2.4076,2.1989,2.5385,1032.4118,0.272,0.435,39,M0,,,
806205400037592,12.955802,60.945253,346.61,340.23,354.25,0.0,2.617,0.6019,0.6019,0.6019,1032.4398,0.162,0.337,36,M3,,,
806207100048580,5.560371,61.915869,801.26,682.3,949.43,0.0,2.617,0.7851,0.7589,0.7851,1032.4222,0.18,1.426,47,M2,,,
806208200015545,0.269924,61.610251,132.18,131.21,132.95,0.0,2.617,0.0,0.0,0.0,473.1295,0.084,0.689,54,M3,1.14e+33,1.13e+33,1.16e+33
806209100008413,14.185244,63.565328,248.06,243.86,251.97,0.0,2.617,0.1775,0.1563,0.1916,1032.3999,,0.222,23,M2,3.50e+33,3.38e+33,3.61e+33
806209100042800,14.428719,63.350763,928.32,679.91,1291.92,1.0,2.617,1.3335,1.0101,1.3988,1032.4019,0.061,0.456,19,M4,,,
806209400039648,13.66953,62.409576,471.77,448.59,499.43,0.0,2.617,0.7066,0.7066,0.8636,1032.4096,0.093,0.469,19,M2,4.53e+32,4.10e+32,5.08e+32
806210100005550,9.835304,63.801281,552.61,499.72,630.03,0.0,2.617,1.0127,0.9159,1.0468,1032.4444,0.243,1.48,34,M4,,,
806211200039759,4.155767,63.194812,670.8,484.71,874.68,1.0,2.617,1.2317,1.2038,1.2562,1032.4337,0.209,0.516,18,M4,,,
806212300069862,0.573304,62.286867,1949.39,1175.31,3820.52,1.0,2.617,0.9577,0.7328,1.5777,1032.4054,0.039,1.822,26,M4,,,
806212400017006,2.113776,62.706035,307.32,300.56,315.24,0.0,2.617,0.4711,0.4711,0.4711,473.1025,0.2,0.454,100,M4,,,
806214300029252,8.150239,64.243033,97.25,96.67,97.93,0.0,2.617,0.0,0.0,0.0,1032.424,0.019,0.254,6,M3,6.76e+31,6.68e+31,6.86e+31
806215100024922,5.978424,65.777983,852.5,663.42,1188.87,1.0,2.617,1.544,1.073,4.8154,1032.4548,,2.244,7,M4,,,
806215200001440,4.27063,65.792586,342.63,330.97,355.11,0.0,2.617,0.7954,0.7796,0.8117,1032.412,0.085,0.775,19,M4,,,
806216100027505,1.064178,65.671258,645.17,563.04,747.35,0.0,2.617,1.4394,1.3876,1.9612,1032.4363,0.333,0.699,41,M3,2.97e+33,2.26e+33,3.98e+33
807201100013931,26.7078,59.55456,262.61,257.72,268.24,0.0,2.617,0.4734,0.4393,0.4972,474.2589,0.144,0.192,28,M1,1.17e+33,1.13e+33,1.22e+33
807201200004323,25.389581,59.823331,278.17,275.36,281.43,0.0,2.617,0.4757,0.4605,0.5182,474.2691,0.114,0.92,64,M2,,,
807202100038996,22.227679,59.615989,434.9,370.8,520.95,0.0,2.617,0.4972,0.4972,0.4972,1041.4042,0.177,1.534,34,M4,,,
807205200032089,25.491816,61.534912,785.66,718.93,856.96,0.0,2.617,1.5652,1.3173,1.5702,1041.4317,0.121,0.445,13,M0,2.76e+32,2.31e+32,3.29e+32
807206100045854,22.151311,61.315957,1462.55,1132.61,1931.33,1.0,2.617,1.1253,1.073,1.1742,474.2845,0.232,2.712,29,M2,4.64e+34,2.78e+34,8.09e+34
807208100025426,15.473927,61.3674,203.8,199.9,207.81,0.0,2.617,0.0096,0.0009,0.0185,475.258,0.028,1.403,22,M3,3.97e+32,3.82e+32,4.13e+32
807208100030419,14.61945,61.2273,538.98,487.16,597.42,0.0,2.617,0.8181,0.7984,0.8636,1041.4463,0.07,0.728,11,M4,4.93e+32,4.02e+32,6.05e+32
807208100041278,14.834598,61.654746,238.19,232.39,243.02,0.0,2.617,0.5496,0.5496,0.5496,1041.4029,0.099,0.449,18,M4,,,
807208300022597,13.871461,60.495091,275.32,264.93,288.61,0.0,2.617,0.3402,0.3402,0.3402,1041.4506,,0.872,21,M4,1.19e+33,1.10e+33,1.31e+33
807211100017813,19.79909,63.518336,582.79,500.82,789.26,0.0,2.617,1.0008,0.8894,1.5498,1041.4249,0.062,1.765,16,,,,
807212200057534,12.886113,63.444644,368.2,348.24,386.46,0.0,2.617,0.4449,0.4449,0.4576,475.2729,0.053,1.922,41,M3,1.15e+33,1.03e+33,1.27e+33
807213300013259,25.433393,64.566409,1023.51,924.65,1158.19,0.0,2.617,1.0468,1.0468,1.0612,474.19,0.298,0.502,151,M0,2.42e+34,1.98e+34,3.10e+34
807215400018860,18.691017,64.575642,533.37,510.32,556.91,0.0,2.617,0.9442,0.8718,0.9639,475.2499,0.105,0.299,24,M1,,,
807216100006939,13.653143,65.514526,406.0,394.69,417.89,0.0,2.617,0.9166,0.8819,0.938,474.2333,0.133,0.65,58,M0,2.14e+33,2.02e+33,2.27e+33
828205100009339,307.334012,61.455297,215.11,212.77,217.46,0.0,2.617,0.0,0.0,0.0,1035.4026,0.031,0.674,16,M3,5.65e+32,5.53e+32,5.78e+32
828205400001788,306.60198,60.964827,596.73,515.38,695.11,0.0,2.617,0.4457,0.4314,0.4972,1035.3986,0.1,3.033,57,M4,,,
828211400016613,299.853302,62.332494,206.81,205.01,208.53,0.0,2.617,0.0,0.0,0.0,1035.4002,0.097,0.626,64,M4,,,
828213300011018,304.806003,64.28693,174.78,173.67,176.14,0.0,2.617,0.0,0.0,0.0,1035.3997,0.042,0.339,29,M3,1.01e+32,9.93e+31,1.02e+32
828213400007849,307.239973,64.43268,516.61,500.79,533.11,0.0,2.617,0.7617,0.7328,0.7851,1035.4261,0.035,0.45,17,M0,7.16e+32,6.73e+32,7.63e+32
828214100019921,303.327722,65.179478,391.52,368.3,410.97,0.0,2.617,0.3664,0.3664,0.3664,1035.3822,0.094,1.571,28,M2,6.67e+32,5.90e+32,7.35e+32
829201200003849,318.721536,59.934207,1898.7,1421.4,2698.47,1.0,2.617,1.8057,1.6254,1.8842,1033.413,0.073,1.688,30,M4,,,
829202100007493,315.946674,59.839129,387.25,373.0,405.02,0.0,2.617,0.8113,0.8113,0.8269,1033.4351,0.026,1.143,8,M3,1.04e+32,9.65e+31,1.14e+32
829203100015814,312.964864,59.548067,421.63,378.88,471.73,0.0,2.617,0.3925,0.2654,0.6281,1033.3977,0.042,2.18,50,M4,,,
829203100016624,311.774709,59.510813,376.33,362.37,392.84,0.0,2.617,0.9165,0.75,0.9361,1033.4279,,0.405,10,M2,9.81e+31,9.09e+31,1.07e+32
829206400038439,315.755658,60.65985,258.31,250.23,268.64,0.0,2.617,0.0127,0.0,0.0393,1033.3994,0.046,1.07,57,M3,5.18e+32,4.86e+32,5.61e+32
829208300010938,306.465996,60.598543,338.17,325.89,350.96,0.0,2.617,0.0567,0.0411,0.0735,1009.417,0.045,0.698,12,M4,,,
829209300028711,318.345305,62.643123,885.83,755.92,1038.15,0.0,2.617,1.1776,1.1776,1.2732,1033.4043,0.063,0.786,14,M3,,,
830205400036196,333.576048,60.205276,718.21,566.17,900.23,1.0,2.617,1.7207,1.5702,1.8422,650.4017,0.127,0.484,29,M3,,,
830206200028093,326.906426,61.476618,557.76,505.12,633.39,0.0,2.617,0.7589,0.7589,0.7886,650.3808,0.069,2.089,44,M3,2.27e+33,1.86e+33,2.92e+33
830209300042102,331.950748,62.791624,296.79,290.7,304.03,0.0,2.617,0.6281,0.6281,0.6281,803.1421,0.081,1.715,49,M3,1.36e+33,1.31e+33,1.43e+33
830215200014203,323.512598,65.278965,368.91,360.74,379.4,0.0,2.617,0.4972,0.4972,0.4972,803.1385,0.073,0.309,12,M4,,,
830215300022022,323.785626,64.32638,289.87,283.35,298.63,0.0,2.617,0.3402,0.3402,0.3928,650.3895,0.024,0.542,13,M3,1.96e+32,1.88e+32,2.08e+32
830215400032115,324.810291,64.957483,376.79,356.09,402.65,0.0,2.617,0.3506,0.319,0.4132,650.402,0.062,1.196,18,M3,8.29e+32,7.40e+32,9.46e+32
831202300018954,340.851523,58.794461,399.73,387.35,414.34,0.0,2.617,0.6542,0.6542,0.6826,776.2495,0.062,0.51,14,M4,3.65e+32,3.42e+32,3.92e+32
831212200007032,332.003262,63.5995,199.34,197.42,201.3,0.0,2.617,0.0515,0.0427,0.0523,776.2552,0.029,0.469,24,M3,1.84e+32,1.80e+32,1.87e+32
831212400006649,335.383156,62.870922,537.85,497.49,600.92,0.0,2.617,0.8636,0.8374,0.8938,776.2776,0.105,0.817,20,M2,8.07e+32,6.91e+32,1.01e+33
831213400012489,347.853642,64.505259,393.19,380.79,405.84,0.0,2.617,0.8636,0.8636,0.8636,776.2501,0.247,0.366,30,M4,,,
831215400021048,339.064156,64.510191,124.05,122.06,126.23,0.0,2.617,0.0,0.0,0.0,776.2365,0.022,2.491,73,M5,1.26e+32,1.22e+32,1.30e+32
832202400033654,355.506828,59.102669,306.27,297.01,317.99,0.0,2.617,0.9014,0.5263,1.1903,775.282,0.102,0.639,11,M3,2.49e+32,2.35e+32,2.69e+32
832207100024441,351.503609,61.484507,552.46,499.92,610.45,0.0,2.617,0.7247,0.4972,0.9421,775.2356,0.042,1.028,13,M3,4.71e+32,3.85e+32,5.74e+32
832207300026235,350.475762,60.6443,625.46,561.59,686.1,0.0,2.617,0.6503,0.6281,0.7328,775.2319,0.37,0.538,91,M2,1.23e+34,9.90e+33,1.48e+34
832207300062366,350.149903,60.791339,207.04,204.22,209.96,0.0,2.617,0.0,0.0,0.0,775.2262,0.063,0.301,16,M2,2.85e+32,2.78e+32,2.94e+32
832211100013988,352.831947,63.673521,4414.27,2533.33,6968.02,,2.617,3.1874,3.0357,3.2974,775.2163,0.194,0.392,29,M2,,,
833203400014553,6.998644,65.826713,701.59,501.33,1030.62,1.0,2.617,1.6534,1.4918,1.9628,1038.4216,0.075,2.064,36,M4,,,
833208300019023,0.921398,67.666237,1407.72,1101.98,1900.62,1.0,2.617,3.533,3.4283,3.5591,1038.4438,0.306,0.755,30,M4,,,
833208400020331,3.466175,67.596088,359.7,350.77,370.19,0.0,2.617,0.9159,0.9055,0.9352,1038.4296,0.085,0.625,35,M2,5.11e+32,4.86e+32,5.41e+32
834201300005689,31.493236,66.183026,467.6,461.67,474.25,0.0,2.617,1.7742,1.7684,1.7796,1040.3927,0.16,0.254,45,M1,,,
834206100005605,28.839661,68.985383,716.92,624.26,813.62,0.0,2.617,1.2938,1.2775,1.3718,1040.4348,0.054,0.888,9,M2,2.94e+32,2.23e+32,3.79e+32
834208400039988,18.997697,67.755464,372.03,357.22,396.68,0.0,2.617,0.8113,0.7681,0.929,1040.4132,0.049,0.889,33,M2,3.62e+32,3.34e+32,4.12e+32
834209400012914,35.869538,69.519153,1316.64,1275.3,1363.55,,2.617,2.2244,2.2218,2.2346,1040.4042,0.084,0.388,9,M4,,,
834214100004736,31.269028,72.777482,450.76,427.47,476.87,0.0,2.617,0.8677,0.8636,0.8898,1040.4144,0.279,0.312,25,M2,2.27e+33,2.04e+33,2.54e+33
834215100022213,24.670088,72.292705,432.93,398.68,465.5,0.0,2.617,0.9421,0.9166,0.9609,1040.453,0.123,2.048,18,M3,,,
851204300000879,309.422009,66.233459,243.63,235.65,252.6,0.0,2.617,0.0,0.0,0.0,1037.4205,0.128,1.063,39,M4,7.78e+32,7.28e+32,8.36e+32
851211300033907,312.894448,69.797508,81.61,81.12,82.17,0.0,2.617,0.0,0.0,0.0,1037.4052,0.025,1.253,44,M5,,,
852204100022905,328.629647,66.451729,669.81,607.72,762.87,0.0,2.617,0.6331,0.6281,0.7222,1036.4116,0.054,1.086,15,M4,,,
852204300000904,325.711166,66.21813,747.9,704.26,806.47,0.0,2.617,0.4887,0.414,2.0648,1036.3967,0.045,1.517,100,M2,,,
852205400011153,342.682108,67.832118,236.06,232.29,239.53,0.0,2.617,0.3843,0.2947,0.3971,1036.4042,0.074,0.27,17,M4,,,
852211100010018,331.956592,70.664291,158.12,154.94,161.42,0.0,2.617,0.0,0.0,0.0,1036.4157,0.136,0.821,24,M4,3.19e+32,3.06e+32,3.32e+32
852216100010899,325.632759,72.084102,196.17,194.23,197.98,0.0,2.617,0.0,0.0,0.0,1036.4082,0.057,0.261,23,M3,1.97e+32,1.93e+32,2.01e+32
853201200033464,357.200497,66.756511,347.98,332.03,361.58,0.0,2.617,0.3575,0.314,0.3664,1034.4367,0.238,1.021,54,M3,3.74e+33,3.40e+33,4.04e+33
853205100044030,359.828096,68.43021,1022.55,905.71,1168.73,0.0,2.617,1.9467,1.8916,1.9998,1034.4392,0.184,0.612,45,M3,,,
853207200009647,347.972717,68.943707,249.72,220.94,282.15,0.0,2.617,0.4919,0.4389,0.5234,1034.431,0.038,1.031,10,M4,,,
853209300036341,358.334045,69.774964,394.48,370.89,418.05,0.0,2.617,0.4871,0.4389,0.5718,1034.4341,0.069,0.923,20,M3,7.48e+32,6.62e+32,8.40e+32
853211100014808,349.689459,70.640657,536.22,495.46,572.77,0.0,2.617,0.7589,0.7328,0.7673,1034.3968,0.163,0.633,38,M2,,,
853212100006147,345.363554,70.873072,143.49,142.67,144.43,0.0,2.617,0.0,0.0,0.0,1034.3947,,0.439,26,M3,2.60e+32,2.60e+32,2.60e+32
853213200010632,358.109214,72.573396,367.6,351.66,386.09,0.0,2.617,0.5757,0.5717,0.588,1034.4089,0.006,0.947,13,M3,1.04e+32,9.55e+31,1.15e+32
853214200012387,351.841276,72.586808,365.06,329.37,419.15,,2.617,0.8898,0.8592,0.9159,1034.4177,0.044,0.356,10,M4,,,
853214400025203,355.05577,71.936185,217.5,214.7,220.55,0.0,2.617,0.0,0.0,0.0,1034.426,0.014,0.557,14,M3,1.97e+32,1.91e+32,2.02e+32
853215400005122,350.933087,72.027313,170.46,169.63,171.38,0.0,2.617,0.0,0.0,0.0,1034.4485,0.043,0.256,12,M1,3.08e+32,3.05e+32,3.12e+32
853216400017620,344.49511,71.512674,667.52,617.87,734.97,0.0,2.617,0.392,0.3664,0.4711,1034.402,0.055,2.107,43,M2,4.75e+33,4.07e+33,5.76e+33
592211400090876,303.137859,19.884667,254.87,243.66,265.66,0.0,2.617,0.0,0.0,0.0,343.2419,0.066,0.464,6,M4,8.93e+31,8.17e+31,9.71e+31
592211400090876,303.137859,19.884667,254.87,243.66,265.66,0.0,2.617,0.0,0.0,0.0,343.2772,0.081,1.007,14,M4,5.50e+32,5.02e+32,5.97e+32
567205100005570,127.462485,18.224908,218.82,211.74,226.36,0.0,2.617,0.0,0.0,0.0,795.4978,0.022,0.385,3,M3,5.17e+31,4.85e+31,5.54e+31
567205100005570,127.462485,18.224908,218.82,211.74,226.36,0.0,2.617,0.0,0.0,0.0,795.522,0.019,0.987,21,M3,7.89e+31,7.39e+31,8.44e+31
683215300010006,273.525057,35.671107,420.14,398.83,446.51,0.0,2.617,0.0262,0.0262,0.0262,322.3262,0.013,0.475,5,M3,4.99e+31,4.50e+31,5.64e+31
683215300010006,273.525057,35.671107,420.14,398.83,446.51,0.0,2.617,0.0262,0.0262,0.0262,322.3305,0.022,0.761,18,M3,2.88e+32,2.60e+32,3.26e+32
280211400109529,257.43077,-23.713333,264.95,259.87,269.46,0.0,2.617,0.3887,0.3711,0.404,302.2505,0.083,0.232,22,M2,4.21e+32,4.05e+32,4.36e+32
280211400109529,257.43077,-23.713333,264.95,259.87,269.46,0.0,2.617,0.3887,0.3711,0.404,302.2853,0.037,0.463,7,M2,9.52e+32,9.15e+32,9.84e+32
767213200044249,305.651604,51.248382,387.59,381.14,394.53,0.0,2.617,0.3402,0.3402,0.3402,451.0981,0.144,0.721,25,M2,2.50e+33,2.42e+33,2.59e+33
767213200044249,305.651604,51.248382,387.59,381.14,394.53,0.0,2.617,0.3402,0.3402,0.3402,451.1558,0.058,0.211,6,M2,4.52e+32,4.37e+32,4.69e+32
257205200008046,92.522074,-24.647605,75.21,74.73,75.84,0.0,2.617,0.0,0.0,0.0,468.3609,0.075,3.003,10,M6,,,
257205200008046,92.522074,-24.647605,75.21,74.73,75.84,0.0,2.617,0.0,0.0,0.0,468.3691,0.065,2.21,67,M6,,,
593211300018745,309.250234,19.420041,1292.83,936.81,1656.44,1.0,2.617,0.1953,0.1832,0.2094,673.4171,0.089,0.2,4,M2,5.81e+33,3.05e+33,9.55e+33
593211300018745,309.250234,19.420041,1292.83,936.81,1656.44,1.0,2.617,0.1953,0.1832,0.2094,673.4298,0.102,0.261,14,M2,6.41e+33,3.37e+33,1.05e+34
